as_of_date,rank,pitcher,rating
2026-08-26,1,Zack Wheeler,1629.4
2026-08-26,2,Max Fried,1628.3
2026-08-26,3,Chris Sale,1616.4
2026-08-26,4,Logan Gilbert,1614.1
2026-08-26,5,Gerrit Cole,1606.8
2026-08-26,6,Tarik Skubal,1602.0
2026-08-26,7,Logan Webb,1593.0
2026-08-26,8,Blake Snell,1585.1
2026-08-26,9,Jacob deGrom,1579.3
2026-08-26,10,Sonny Gray,1578.8
2026-08-26,11,Cristopher Sánchez,1577.2
2026-08-26,12,Yoshinobu Yamamoto,1576.6
2026-08-26,13,Shane Bieber,1576.5
2026-08-26,14,Tyler Glasnow,1574.9
2026-08-26,15,Corbin Burnes,1573.5
2026-08-26,16,Dylan Cease,1570.7
2026-08-26,17,Shane McClanahan,1568.2
2026-08-26,18,Carlos Rodón,1567.1
2026-08-26,19,Framber Valdez,1567.0
2026-08-26,20,Kyle Bradish,1566.6
2026-08-26,21,Ranger Suarez,1566.2
2026-08-26,22,Tanner Bibee,1565.2
2026-08-26,23,Paul Skenes,1565.1
2026-08-26,24,Shota Imanaga,1565.0
2026-08-26,25,Garrett Crochet,1564.4
2026-08-26,26,Drew Rasmussen,1563.6
2026-08-26,27,George Kirby,1563.2
2026-08-26,28,Kevin Gausman,1562.2
2026-08-26,29,Clayton Kershaw,1561.9
2026-08-26,30,Sandy Alcantara,1561.2
2026-08-26,31,Robbie Ray,1561.2
2026-08-26,32,Freddy Peralta,1559.4
2026-08-26,33,Nathan Eovaldi,1558.9
2026-08-26,34,Brandon Woodruff,1557.1
2026-08-26,35,Nick Martinez,1556.3
2026-08-26,36,Joe Musgrove,1553.7
2026-08-26,37,Andrew Abbott,1553.4
2026-08-26,38,José Berríos,1553.0
2026-08-26,39,Shohei Ohtani,1552.3
2026-08-26,40,Michael Wacha,1550.9
2026-08-26,41,Jameson Taillon,1549.4
2026-08-26,42,Yu Darvish,1547.7
2026-08-26,43,Nick Pivetta,1543.2
2026-08-26,44,Bryan Woo,1541.1
2026-08-26,45,Merrill Kelly,1540.7
2026-08-26,46,Alek Manoah,1539.8
2026-08-26,47,Jacob Misiorowski,1539.8
2026-08-26,48,Walker Buehler,1539.4
2026-08-26,49,Michael King,1539.4
2026-08-26,50,Julio Urías,1539.3
2026-08-26,51,Hunter Brown,1538.1
2026-08-26,52,Reynaldo López,1536.3
2026-08-26,53,Troy Melton,1536.2
2026-08-26,54,Max Scherzer,1536.1
2026-08-26,55,Jesús Luzardo,1536.1
2026-08-26,56,Gavin Williams,1536.1
2026-08-26,57,Clarke Schmidt,1534.9
2026-08-26,58,Jose Quintana,1534.7
2026-08-26,59,Parker Messick,1534.4
2026-08-26,60,Randy Vásquez,1534.0
2026-08-26,61,Keider Montero,1533.2
2026-08-26,62,Cam Schlittler,1532.9
2026-08-26,63,Shane Baz,1532.5
2026-08-26,64,Justin Verlander,1532.0
2026-08-26,65,Joey Cantillo,1532.0
2026-08-26,66,Luis Garcia,1530.8
2026-08-26,67,Andre Pallante,1530.2
2026-08-26,68,Clay Holmes,1530.2
2026-08-26,69,Spencer Schwellenbach,1530.1
2026-08-26,70,Eduardo Rodriguez,1530.0
2026-08-26,71,Kodai Senga,1529.8
2026-08-26,72,Javier Assad,1529.3
2026-08-26,73,Logan Henderson,1528.0
2026-08-26,74,Triston McKenzie,1526.7
2026-08-26,75,Hunter Greene,1526.7
2026-08-26,76,Connelly Early,1526.2
2026-08-26,77,Luis Castillo,1525.5
2026-08-26,78,Ronel Blanco,1525.4
2026-08-26,79,Nolan McLean,1525.3
2026-08-26,80,Wade Miley,1525.2
2026-08-26,81,Tony Gonsolin,1524.6
2026-08-26,82,Braxton Ashcraft,1524.2
2026-08-26,83,Kyle Harrison,1524.1
2026-08-26,84,Marcus Stroman,1523.5
2026-08-26,85,Casey Mize,1523.4
2026-08-26,86,Grant Holmes,1522.8
2026-08-26,87,Ben Lively,1522.3
2026-08-26,88,Spencer Strider,1522.3
2026-08-26,89,Chase Burns,1522.2
2026-08-26,90,Nestor Cortes,1521.3
2026-08-26,91,Chris Bassitt,1521.0
2026-08-26,92,Bryce Elder,1520.9
2026-08-26,93,Tomoyuki Sugano,1520.9
2026-08-26,94,Chad Patrick,1520.5
2026-08-26,95,Luis Gil,1520.5
2026-08-26,96,Trevor Bauer,1520.0
2026-08-26,97,Cole Irvin,1519.8
2026-08-26,98,Sean Burke,1519.6
2026-08-26,99,Ben Brown,1519.3
2026-08-26,100,Kyle Leahy,1519.1
2026-08-26,101,J.T. Ginn,1519.0
2026-08-26,102,Anthony Kay,1519.0
2026-08-26,103,Matthew Boyd,1518.8
2026-08-26,104,Brent Suter,1518.8
2026-08-26,105,Mike Clevinger,1518.2
2026-08-26,106,Ryan Pepiot,1518.2
2026-08-26,107,Cade Horton,1518.1
2026-08-26,108,Martín Pérez,1517.9
2026-08-26,109,Alex Cobb,1517.6
2026-08-26,110,Walbert Ureña,1517.3
2026-08-26,111,Tyler Mahle,1516.6
2026-08-26,112,Cooper Criswell,1516.6
2026-08-26,113,Zac Gallen,1516.0
2026-08-26,114,Kwang Hyun Kim,1515.9
2026-08-26,115,Tyler Wells,1515.7
2026-08-26,116,Quinn Priester,1515.7
2026-08-26,117,Stephen Kolek,1515.6
2026-08-26,118,Beau Brieske,1515.3
2026-08-26,119,José Urquidy,1514.7
2026-08-26,120,Adam Wainwright,1514.4
2026-08-26,121,Dustin May,1514.4
2026-08-26,122,Adrian Houser,1514.3
2026-08-26,123,Braydon Fisher,1514.1
2026-08-26,124,Cole Ragans,1514.0
2026-08-26,125,Zach Eflin,1513.8
2026-08-26,126,Domingo Germán,1513.8
2026-08-26,127,Joe Ryan,1513.6
2026-08-26,128,Randy Dobnak,1513.5
2026-08-26,129,Payton Tolle,1513.4
2026-08-26,130,Tylor Megill,1512.1
2026-08-26,131,Jacob Latz,1511.5
2026-08-26,132,Pablo López,1511.3
2026-08-26,133,Zac Thornton,1511.1
2026-08-26,134,Braxton Garrett,1510.9
2026-08-26,135,Robert Stock,1510.6
2026-08-26,136,Jared Koenig,1510.6
2026-08-26,137,Anthony DeSclafani,1510.5
2026-08-26,138,Eric Lauer,1510.4
2026-08-26,139,Jalen Beeks,1510.3
2026-08-26,140,Bowden Francis,1510.2
2026-08-26,141,Justin Steele,1510.2
2026-08-26,142,Casey Legumina,1509.9
2026-08-26,143,Bubba Chandler,1509.9
2026-08-26,144,Lake Bachar,1509.8
2026-08-26,145,AJ Smith-Shawver,1509.7
2026-08-26,146,Jackson Jobe,1509.6
2026-08-26,147,Adrian Sampson,1509.2
2026-08-26,148,Christian Scott,1509.2
2026-08-26,149,Tyler Alexander,1509.2
2026-08-26,150,Bradgley Rodriguez,1509.0
2026-08-26,151,Reese Olson,1508.7
2026-08-26,152,Will Klein,1508.7
2026-08-26,153,Lance Lynn,1508.5
2026-08-26,154,Eury Pérez,1508.4
2026-08-26,155,Ryan Burr,1508.3
2026-08-26,156,Louis Varland,1508.3
2026-08-26,157,Mick Abel,1508.0
2026-08-26,158,Trey Yesavage,1507.9
2026-08-26,159,Grant Taylor,1507.8
2026-08-26,160,Caleb Ferguson,1507.8
2026-08-26,161,Frankie Montas,1507.6
2026-08-26,162,Gavin Stone,1507.6
2026-08-26,163,River Ryan,1507.4
2026-08-26,164,Marco Gonzales,1507.4
2026-08-26,165,Mason Montgomery,1507.3
2026-08-26,166,Kyle Wright,1507.3
2026-08-26,167,Nick Lodolo,1507.3
2026-08-26,168,José Buttó,1507.2
2026-08-26,169,Jake Bennett,1507.1
2026-08-26,170,Sam Long,1507.1
2026-08-26,171,Bryan Hudson,1506.9
2026-08-26,172,Landen Roupp,1506.9
2026-08-26,173,Ryan Bergert,1506.9
2026-08-26,174,Brusdar Graterol,1506.9
2026-08-26,175,Carmen Mlodzinski,1506.8
2026-08-26,176,Landon Knack,1506.8
2026-08-26,177,Huascar Brazobán,1506.8
2026-08-26,178,Brandon Hughes,1506.7
2026-08-26,179,John Means,1506.5
2026-08-26,180,Danny Duffy,1506.3
2026-08-26,181,Mason Fluharty,1506.1
2026-08-26,182,Kenny Rosenberg,1506.1
2026-08-26,183,Josiah Gray,1506.0
2026-08-26,184,Collin McHugh,1505.9
2026-08-26,185,Jimmy Lambert,1505.8
2026-08-26,186,Luis Morales,1505.7
2026-08-26,187,Brenan Hanifee,1505.6
2026-08-26,188,Cody Poteet,1505.6
2026-08-26,189,Corey Knebel,1505.6
2026-08-26,190,Wandy Peralta,1505.6
2026-08-26,191,Kolby Allard,1505.5
2026-08-26,192,Cole Sulser,1505.4
2026-08-26,193,Brandon Young,1505.3
2026-08-26,194,Jesus Tinoco,1505.3
2026-08-26,195,Drey Jameson,1505.2
2026-08-26,196,Johnny Cueto,1505.1
2026-08-26,197,Ryan Yarbrough,1505.1
2026-08-26,198,Brant Hurter,1505.0
2026-08-26,199,Eduardo Rivera,1504.8
2026-08-26,200,Devin Smeltzer,1504.8
2026-08-26,201,Matt Wilkinson,1504.6
2026-08-26,202,Jordan Montgomery,1504.6
2026-08-26,203,A.J. Alexy,1504.6
2026-08-26,204,Brandon Eisert,1504.5
2026-08-26,205,Ryan Borucki,1504.4
2026-08-26,206,Sixto Sánchez,1504.4
2026-08-26,207,Hyun Jin Ryu,1504.4
2026-08-26,208,Justin Wrobleski,1504.4
2026-08-26,209,Trevor McDonald,1504.4
2026-08-26,210,Foster Griffin,1504.4
2026-08-26,211,Josh Winder,1504.2
2026-08-26,212,Andrew Alvarez,1504.2
2026-08-26,213,Steven Brault,1504.1
2026-08-26,214,John Schreiber,1503.9
2026-08-26,215,Alec Gamboa,1503.9
2026-08-26,216,Luis Diaz,1503.8
2026-08-26,217,Hunter Dobbins,1503.8
2026-08-26,218,Jakob Junis,1503.7
2026-08-26,219,Jovani Morán,1503.6
2026-08-26,220,Adrian Morejon,1503.6
2026-08-26,221,Hunter Bigge,1503.6
2026-08-26,222,Brandon Sproat,1503.5
2026-08-26,223,Victor González,1503.5
2026-08-26,224,Luke Farrell,1503.4
2026-08-26,225,Michael McGreevy,1503.4
2026-08-26,226,Bryan Garcia,1503.4
2026-08-26,227,Chris Ellis,1503.4
2026-08-26,228,Drew Smyly,1503.4
2026-08-26,229,Carson Whisenhunt,1503.4
2026-08-26,230,Ryan Johnson,1503.3
2026-08-26,231,Josh Winckowski,1503.3
2026-08-26,232,Matt Peacock,1503.2
2026-08-26,233,Elmer Rodríguez,1503.2
2026-08-26,234,Charlie Barnes,1503.2
2026-08-26,235,Cody Morris,1503.2
2026-08-26,236,George Klassen,1503.2
2026-08-26,237,Brett Kennedy,1503.2
2026-08-26,238,Michael Pineda,1503.1
2026-08-26,239,Kris Bubic,1503.1
2026-08-26,240,Miguel Díaz,1503.1
2026-08-26,241,Matt Gage,1503.1
2026-08-26,242,Josh Staumont,1503.1
2026-08-26,243,J.P. Feyereisen,1503.1
2026-08-26,244,Easton McGee,1503.1
2026-08-26,245,Ryan Rolison,1503.1
2026-08-26,246,Mason Adams,1503.0
2026-08-26,247,Ryan Weathers,1503.0
2026-08-26,248,Jonathan Loáisiga,1502.9
2026-08-26,249,Shelby Miller,1502.9
2026-08-26,250,Scott Alexander,1502.8
2026-08-26,251,Garrett Hill,1502.8
2026-08-26,252,Kohl Stewart,1502.7
2026-08-26,253,Jimmy Herget,1502.7
2026-08-26,254,Spencer Turnbull,1502.6
2026-08-26,255,Andrew Kittredge,1502.6
2026-08-26,256,Hogan Harris,1502.6
2026-08-26,257,Tobias Myers,1502.5
2026-08-26,258,Hoby Milner,1502.5
2026-08-26,259,John Curtiss,1502.5
2026-08-26,260,Nick Neidert,1502.4
2026-08-26,261,Elvis Peguero,1502.4
2026-08-26,262,Matt Svanson,1502.4
2026-08-26,263,Kent Emanuel,1502.4
2026-08-26,264,Julian Merryweather,1502.3
2026-08-26,265,José De León,1502.3
2026-08-26,266,Miguel Castro,1502.3
2026-08-26,267,Beck Way,1502.3
2026-08-26,268,Pedro Avila,1502.3
2026-08-26,269,Randy Rodríguez,1502.3
2026-08-26,270,Paxton Schultz,1502.3
2026-08-26,271,Kyle Tyler,1502.2
2026-08-26,272,Jhony Brito,1502.2
2026-08-26,273,Bryan Shaw,1502.2
2026-08-26,274,Ian Anderson,1502.2
2026-08-26,275,Drew Pomeranz,1502.2
2026-08-26,276,Tejay Antone,1502.1
2026-08-26,277,Angel Zerpa,1502.1
2026-08-26,278,Ben Braymer,1502.1
2026-08-26,279,Shawn Armstrong,1502.0
2026-08-26,280,Matt Sauer,1502.0
2026-08-26,281,Garrett Cleavinger,1502.0
2026-08-26,282,John Brebbia,1502.0
2026-08-26,283,Zach Agnos,1502.0
2026-08-26,284,Pierce Johnson,1502.0
2026-08-26,285,Seth Lugo,1502.0
2026-08-26,286,Jefry Rodriguez,1501.9
2026-08-26,287,Justin Bruihl,1501.9
2026-08-26,288,Bryan King,1501.9
2026-08-26,289,DL Hall,1501.9
2026-08-26,290,Luis Perdomo,1501.9
2026-08-26,291,Juan Mejia,1501.9
2026-08-26,292,Dominic Leone,1501.9
2026-08-26,293,Trevor Megill,1501.9
2026-08-26,294,Tristan Beck,1501.9
2026-08-26,295,Cole Winn,1501.8
2026-08-26,296,Dillon Peters,1501.8
2026-08-26,297,Steven Okert,1501.8
2026-08-26,298,Charlie Morton,1501.8
2026-08-26,299,Danny Young,1501.8
2026-08-26,300,Will Vest,1501.8
2026-08-26,301,Aaron Slegers,1501.7
2026-08-26,302,Andrew Walters,1501.7
2026-08-26,303,Jose Cuas,1501.7
2026-08-26,304,Sam Moll,1501.7
2026-08-26,305,Josh A. Smith,1501.6
2026-08-26,306,David Robertson,1501.6
2026-08-26,307,Anthony Veneziano,1501.6
2026-08-26,308,Conner Menez,1501.6
2026-08-26,309,Calvin Faucher,1501.6
2026-08-26,310,Corey Kluber,1501.6
2026-08-26,311,Tyler Anderson,1501.6
2026-08-26,312,Zach Thornton,1501.6
2026-08-26,313,Kade Anderson,1501.6
2026-08-26,314,Jackson Rutledge,1501.5
2026-08-26,315,Caleb Boushley,1501.5
2026-08-26,316,Matt Bowman,1501.5
2026-08-26,317,Nick Goody,1501.5
2026-08-26,318,Darius Vines,1501.5
2026-08-26,319,Austin Davis,1501.5
2026-08-26,320,Travis Lakins,1501.4
2026-08-26,321,Tony Santillan,1501.4
2026-08-26,322,Mitch Bratt,1501.4
2026-08-26,323,Jose Alvarez,1501.4
2026-08-26,324,Anthony Bender,1501.4
2026-08-26,325,Cristian Mena,1501.4
2026-08-26,326,Kyle Nelson,1501.4
2026-08-26,327,Mike Fiers,1501.4
2026-08-26,328,Paul Blackburn,1501.3
2026-08-26,329,Jordan Zimmermann,1501.3
2026-08-26,330,Joel Payamps,1501.3
2026-08-26,331,Steven Wilson,1501.3
2026-08-26,332,Pete Fairbanks,1501.3
2026-08-26,333,Noah Cameron,1501.3
2026-08-26,334,Spencer Bivens,1501.2
2026-08-26,335,Tommy Hunter,1501.2
2026-08-26,336,Chris Stratton,1501.2
2026-08-26,337,Masahiro Tanaka,1501.2
2026-08-26,338,Kaleb Ort,1501.2
2026-08-26,339,Ramón Rosso,1501.1
2026-08-26,340,Jimmy Cordero,1501.1
2026-08-26,341,AJ Blubaugh,1501.1
2026-08-26,342,Javy Guerra,1501.1
2026-08-26,343,Chris Mazza,1501.1
2026-08-26,344,David Phelps,1501.1
2026-08-26,345,Tyler Samaniego,1501.1
2026-08-26,346,Janson Junk,1501.1
2026-08-26,347,Robby Snelling,1501.0
2026-08-26,348,Alec Mills,1501.0
2026-08-26,349,Yohan Ramírez,1501.0
2026-08-26,350,Jhonathan Díaz,1501.0
2026-08-26,351,Daniel Castano,1501.0
2026-08-26,352,Aaron Sanchez,1501.0
2026-08-26,353,Garrett Whitlock,1501.0
2026-08-26,354,Trevor Richards,1501.0
2026-08-26,355,Caleb Baragar,1500.9
2026-08-26,356,Tayler Scott,1500.9
2026-08-26,357,Yerry Rodríguez,1500.9
2026-08-26,358,Anthony Maldonado,1500.9
2026-08-26,359,Kyle Cody,1500.9
2026-08-26,360,Jonathan Diaz,1500.9
2026-08-26,361,Edwin Uceta,1500.9
2026-08-26,362,Gerson Garabito,1500.9
2026-08-26,363,Corey Oswalt,1500.9
2026-08-26,364,Trevor Rogers,1500.9
2026-08-26,365,Stephen Nogosek,1500.9
2026-08-26,366,Jonathan Bermúdez,1500.9
2026-08-26,367,Scott Effross,1500.9
2026-08-26,368,Tyler Clippard,1500.9
2026-08-26,369,Riley Martin,1500.9
2026-08-26,370,Andrew Albers,1500.9
2026-08-26,371,Ryan Thompson,1500.9
2026-08-26,372,Gabe Speier,1500.9
2026-08-26,373,Jayden Murray,1500.9
2026-08-26,374,Lucas Luetge,1500.8
2026-08-26,375,Phil Maton,1500.8
2026-08-26,376,Aaron Loup,1500.8
2026-08-26,377,Zach Pop,1500.8
2026-08-26,378,A.J. Vukovich,1500.8
2026-08-26,379,Brandon Kintzler,1500.8
2026-08-26,380,John Gant,1500.7
2026-08-26,381,Robert Gasser,1500.7
2026-08-26,382,Nick Sandlin,1500.7
2026-08-26,383,Luis Ortiz,1500.7
2026-08-26,384,Chris Rodriguez,1500.7
2026-08-26,385,Eddy Yean,1500.7
2026-08-26,386,Conner Greene,1500.7
2026-08-26,387,Brad Lord,1500.7
2026-08-26,388,Homer Bailey,1500.6
2026-08-26,389,Wily Peralta,1500.6
2026-08-26,390,Brett Martin,1500.6
2026-08-26,391,Sean Hjelle,1500.6
2026-08-26,392,Jimmy Nelson,1500.6
2026-08-26,393,Justin Topa,1500.5
2026-08-26,394,Andrew Bellatti,1500.5
2026-08-26,395,Penn Murfee,1500.5
2026-08-26,396,Jackson Wolf,1500.5
2026-08-26,397,Joe Kelly,1500.5
2026-08-26,398,Louis Head,1500.4
2026-08-26,399,Ian Kennedy,1500.4
2026-08-26,400,Daniel Ponce de Leon,1500.4
2026-08-26,401,Matt Moore,1500.4
2026-08-26,402,Matt Wisler,1500.4
2026-08-26,403,Ervin Santana,1500.4
2026-08-26,404,Asher Wojciechowski,1500.3
2026-08-26,405,Duane Underwood Jr.,1500.3
2026-08-26,406,Joe Mantiply,1500.3
2026-08-26,407,Matt Barnes,1500.3
2026-08-26,408,Junior Guerra,1500.3
2026-08-26,409,Justin Dunn,1500.2
2026-08-26,410,Michel Baez,1500.2
2026-08-26,411,Jay Jackson,1500.2
2026-08-26,412,Ryan Zeferjahn,1500.2
2026-08-26,413,Blair Henley,1500.1
2026-08-26,414,Collin Snider,1500.1
2026-08-26,415,Mason Englert,1500.1
2026-08-26,416,Max Meyer,1500.1
2026-08-26,417,Peyton Battenfield,1500.1
2026-08-26,418,Dylan Lee,1500.1
2026-08-26,419,Anthony Banda,1500.1
2026-08-26,420,Daniel Norris,1500.1
2026-08-26,421,Evan Lee,1500.1
2026-08-26,422,Jordan Leasure,1500.1
2026-08-26,423,Roki Sasaki,1500.0
2026-08-26,424,David Morgan,1500.0
2026-08-26,425,Alex Reyes,1500.0
2026-08-26,426,Nick Wittgren,1500.0
2026-08-26,427,Thomas Hatch,1500.0
2026-08-26,428,Darien Núñez,1500.0
2026-08-26,429,Taylor Clarke,1499.9
2026-08-26,430,Zach Neal,1499.9
2026-08-26,431,Walter Pennington,1499.9
2026-08-26,432,Rico Garcia,1499.9
2026-08-26,433,Aníbal Sánchez,1499.9
2026-08-26,434,Mike Paredes,1499.9
2026-08-26,435,Jake Bird,1499.8
2026-08-26,436,Brett Anderson,1499.8
2026-08-26,437,Cade Gibson,1499.8
2026-08-26,438,Justin Hagenman,1499.8
2026-08-26,439,Reed Garrett,1499.8
2026-08-26,440,Ethan Pecko,1499.8
2026-08-26,441,James McArthur,1499.8
2026-08-26,442,Andre Jackson,1499.8
2026-08-26,443,Sebastian Castro,1499.8
2026-08-26,444,Robert Dugger,1499.8
2026-08-26,445,Travis Bergen,1499.8
2026-08-26,446,Josh Taylor,1499.8
2026-08-26,447,Joey Lucchesi,1499.7
2026-08-26,448,James Kaprielian,1499.7
2026-08-26,449,Cole Hamels,1499.7
2026-08-26,450,Jonathan Stiever,1499.7
2026-08-26,451,Blake Parker,1499.7
2026-08-26,452,Cody Freeman,1499.7
2026-08-26,453,Dennis Santana,1499.7
2026-08-26,454,Mason Black,1499.6
2026-08-26,455,Josh Sborz,1499.6
2026-08-26,456,Sean Nolin,1499.6
2026-08-26,457,Tatsuya Imai,1499.5
2026-08-26,458,Gio Gonzalez,1499.5
2026-08-26,459,David Sandlin,1499.5
2026-08-26,460,Michael Mercado,1499.5
2026-08-26,461,Burch Smith,1499.5
2026-08-26,462,Blake Walston,1499.5
2026-08-26,463,Hyeon-Jong Yang,1499.5
2026-08-26,464,Logan Salow,1499.5
2026-08-26,465,Emilio Pagán,1499.5
2026-08-26,466,Mike Kickham,1499.5
2026-08-26,467,Alex Vesia,1499.5
2026-08-26,468,Derek Law,1499.4
2026-08-26,469,Agustin Acosta,1499.4
2026-08-26,470,David Festa,1499.4
2026-08-26,471,Brady Basso,1499.4
2026-08-26,472,Adam Macko,1499.4
2026-08-26,473,Hunter Gaddis,1499.4
2026-08-26,474,Sam Hentges,1499.4
2026-08-26,475,Bryce Jarvis,1499.4
2026-08-26,476,Josh James,1499.4
2026-08-26,477,Adonis Medina,1499.4
2026-08-26,478,Brent Honeywell,1499.3
2026-08-26,479,Zack Thompson,1499.3
2026-08-26,480,Tim Mayza,1499.3
2026-08-26,481,Brad Peacock,1499.3
2026-08-26,482,Adbert Alzolay,1499.3
2026-08-26,483,Ian Seymour,1499.3
2026-08-26,484,Dietrich Enns,1499.3
2026-08-26,485,Mike Montgomery,1499.3
2026-08-26,486,Brendan White,1499.2
2026-08-26,487,Abraham Toro,1499.2
2026-08-26,488,Jhoulys Chacín,1499.2
2026-08-26,489,Cody Bradford,1499.2
2026-08-26,490,Walker Lockett,1499.1
2026-08-26,491,Zack Littell,1499.1
2026-08-26,492,Robinson Leyer,1499.1
2026-08-26,493,Joe Jacques,1499.1
2026-08-26,494,Dany Jiménez,1499.1
2026-08-26,495,Jesse Chavez,1499.1
2026-08-26,496,Kendall Graveman,1499.1
2026-08-26,497,Riley O'Brien,1499.0
2026-08-26,498,Mauricio Llovera,1499.0
2026-08-26,499,Jason Alexander,1499.0
2026-08-26,500,Luis Patiño,1499.0
2026-08-26,501,Shinnosuke Ogasawara,1499.0
2026-08-26,502,Robbie Erlin,1499.0
2026-08-26,503,Chris Devenski,1498.9
2026-08-26,504,Nick Margevicius,1498.9
2026-08-26,505,Carson Fulmer,1498.9
2026-08-26,506,Chris Murphy,1498.9
2026-08-26,507,Robert Gsellman,1498.9
2026-08-26,508,Josh Osich,1498.8
2026-08-26,509,Buck Farmer,1498.8
2026-08-26,510,Keynan Middleton,1498.8
2026-08-26,511,Mark Leiter Jr.,1498.8
2026-08-26,512,Carlos Rodriguez,1498.8
2026-08-26,513,Kyle Zimmer,1498.8
2026-08-26,514,Ryan Walker,1498.8
2026-08-26,515,David Hale,1498.8
2026-08-26,516,Justin Garza,1498.8
2026-08-26,517,Héctor Santiago,1498.8
2026-08-26,518,Ashton Goudeau,1498.7
2026-08-26,519,Connor Brogdon,1498.7
2026-08-26,520,Max Kranick,1498.7
2026-08-26,521,Bryan Baker,1498.6
2026-08-26,522,José Ruiz,1498.6
2026-08-26,523,Paul Campbell,1498.6
2026-08-26,524,Kyle Backhus,1498.6
2026-08-26,525,Brock Burke,1498.5
2026-08-26,526,Rob Zastryzny,1498.5
2026-08-26,527,Garrett Richards,1498.5
2026-08-26,528,Michael Kopech,1498.4
2026-08-26,529,Tommy Nance,1498.4
2026-08-26,530,PJ Poulin,1498.4
2026-08-26,531,Scott Kazmir,1498.3
2026-08-26,532,Matt Swarmer,1498.3
2026-08-26,533,Matt Hall,1498.3
2026-08-26,534,Francisco Pérez,1498.3
2026-08-26,535,Mason Miller,1498.3
2026-08-26,536,Chase Silseth,1498.3
2026-08-26,537,Reiss Knehr,1498.3
2026-08-26,538,Scott McGough,1498.2
2026-08-26,539,Matt Foster,1498.2
2026-08-26,540,Sam Howard,1498.2
2026-08-26,541,Shane Drohan,1498.2
2026-08-26,542,Tyler Ivey,1498.2
2026-08-26,543,Kyle Funkhouser,1498.2
2026-08-26,544,Lucas Gilbreath,1498.2
2026-08-26,545,Alec Marsh,1498.2
2026-08-26,546,Tyler Chatwood,1498.2
2026-08-26,547,Ross Detwiler,1498.2
2026-08-26,548,Thomas Harrington,1498.1
2026-08-26,549,Hans Crouse,1498.1
2026-08-26,550,Austin Brice,1498.1
2026-08-26,551,Luis Oviedo,1498.1
2026-08-26,552,Sean Reynolds,1498.1
2026-08-26,553,Levi Stoudt,1498.1
2026-08-26,554,Trevor Kelley,1498.0
2026-08-26,555,Jackson Tetreault,1498.0
2026-08-26,556,Jimmy Yacabonis,1498.0
2026-08-26,557,Austin Warren,1498.0
2026-08-26,558,Thomas Szapucki,1498.0
2026-08-26,559,Brandon Waddell,1498.0
2026-08-26,560,Jaime Barria,1498.0
2026-08-26,561,Roansy Contreras,1498.0
2026-08-26,562,Rony García,1498.0
2026-08-26,563,Matt Andriese,1497.9
2026-08-26,564,Cory Abbott,1497.9
2026-08-26,565,David Price,1497.9
2026-08-26,566,Erik Swanson,1497.9
2026-08-26,567,Lou Trivino III,1497.8
2026-08-26,568,Doug Nikhazy,1497.8
2026-08-26,569,Matt Brash,1497.8
2026-08-26,570,Ethan Small,1497.8
2026-08-26,571,Andrew Wantz,1497.8
2026-08-26,572,Kendry Rojas,1497.8
2026-08-26,573,Ariel Jurado,1497.8
2026-08-26,574,Luinder Avila,1497.8
2026-08-26,575,Dane Dunning,1497.7
2026-08-26,576,Brandon Walter,1497.7
2026-08-26,577,Michael Grove,1497.7
2026-08-26,578,Colin Selby,1497.7
2026-08-26,579,Miguel Yajure,1497.7
2026-08-26,580,Luis García,1497.7
2026-08-26,581,Austin Cox,1497.7
2026-08-26,582,Cam Bedrosian,1497.6
2026-08-26,583,Owen Murphy,1497.6
2026-08-26,584,Yilber Díaz,1497.6
2026-08-26,585,George Soriano,1497.6
2026-08-26,586,Kyle Hurt,1497.5
2026-08-26,587,JT Chargois,1497.5
2026-08-26,588,Jake Reed,1497.5
2026-08-26,589,Nick Robertson,1497.5
2026-08-26,590,Konnor Pilkington,1497.4
2026-08-26,591,Dylan Coleman,1497.4
2026-08-26,592,Gordon Graceffo,1497.4
2026-08-26,593,Ky Bush,1497.4
2026-08-26,594,Jordan Wicks,1497.2
2026-08-26,595,McCade Brown,1497.2
2026-08-26,596,Daniel Lynch IV,1497.2
2026-08-26,597,Ross Stripling,1497.1
2026-08-26,598,Dauri Moreta,1497.1
2026-08-26,599,Adrián Martinez,1497.1
2026-08-26,600,Mike Baumann,1497.1
2026-08-26,601,Aaron Brooks,1497.1
2026-08-26,602,Julian Aguiar,1497.1
2026-08-26,603,Seth Frankoff,1497.1
2026-08-26,604,Iván Nova,1497.0
2026-08-26,605,Deivi García,1497.0
2026-08-26,606,Beau Burrows,1497.0
2026-08-26,607,Pierson Ohl,1497.0
2026-08-26,608,Bailey Falter,1497.0
2026-08-26,609,Edgardo Henriquez,1496.9
2026-08-26,610,Tyler Phillips,1496.9
2026-08-26,611,Jake Odorizzi,1496.9
2026-08-26,612,Scott Blewett,1496.9
2026-08-26,613,Darren McCaughan,1496.9
2026-08-26,614,Andrew Morris,1496.8
2026-08-26,615,JR Ritchie,1496.8
2026-08-26,616,Ryan Weiss,1496.8
2026-08-26,617,Daniel Mengden,1496.8
2026-08-26,618,Erasmo Ramírez,1496.8
2026-08-26,619,Albert Suárez,1496.8
2026-08-26,620,Sam Coonrod,1496.7
2026-08-26,621,Dylan Covey,1496.7
2026-08-26,622,Antonio Santos,1496.7
2026-08-26,623,Austin Pruitt,1496.7
2026-08-26,624,Tanner Banks,1496.7
2026-08-26,625,Ronny Henriquez,1496.7
2026-08-26,626,Zack Kelly,1496.7
2026-08-26,627,Shawn Dubin,1496.6
2026-08-26,628,Yariel Rodríguez,1496.5
2026-08-26,629,Dan Altavilla,1496.5
2026-08-26,630,Taylor Widener,1496.5
2026-08-26,631,Josh Rogers,1496.5
2026-08-26,632,Craig Stammen,1496.5
2026-08-26,633,Josh Tomlin,1496.5
2026-08-26,634,Tyler Beede,1496.5
2026-08-26,635,Taylor Hearn,1496.5
2026-08-26,636,Jeff Samardzija,1496.5
2026-08-26,637,Drew Smith,1496.4
2026-08-26,638,Nick Nastrini,1496.4
2026-08-26,639,Carson Seymour,1496.3
2026-08-26,640,Luke Little,1496.3
2026-08-26,641,Matt Dermody,1496.3
2026-08-26,642,Brandon Pfaadt,1496.3
2026-08-26,643,Drew Anderson,1496.3
2026-08-26,644,Brayan Bello,1496.3
2026-08-26,645,Tommy Romero,1496.2
2026-08-26,646,Drew Hutchison,1496.2
2026-08-26,647,Danny Coulombe,1496.2
2026-08-26,648,Eli Morgan,1496.2
2026-08-26,649,Aaron Bummer,1496.2
2026-08-26,650,Cody Bolton,1496.1
2026-08-26,651,Mike Mayers,1496.1
2026-08-26,652,Jordan Holloway,1496.1
2026-08-26,653,Mitch Farris,1496.1
2026-08-26,654,Tyson Miller,1496.0
2026-08-26,655,Adam Plutko,1496.0
2026-08-26,656,Ray Kerr,1496.0
2026-08-26,657,David Peterson,1495.9
2026-08-26,658,Wes Parsons,1495.9
2026-08-26,659,Jon Lester,1495.9
2026-08-26,660,DJ Herz,1495.8
2026-08-26,661,Glenn Otto Jr.,1495.8
2026-08-26,662,Jon Duplantier,1495.8
2026-08-26,663,Rhett Lowder,1495.8
2026-08-26,664,Travis Adams,1495.6
2026-08-26,665,Tyler Holton,1495.6
2026-08-26,666,Michael Plassmeyer,1495.6
2026-08-26,667,Quinn Mathews,1495.6
2026-08-26,668,Peter Lambert,1495.5
2026-08-26,669,Ryan Weber,1495.5
2026-08-26,670,Anthony Molina,1495.5
2026-08-26,671,Thomas Eshelman,1495.5
2026-08-26,672,Chris Archer,1495.4
2026-08-26,673,David Hess,1495.4
2026-08-26,674,Jake Faria,1495.4
2026-08-26,675,Sean Guenther,1495.4
2026-08-26,676,Jonathan Bowlan,1495.4
2026-08-26,677,Kirk McCarty,1495.3
2026-08-26,678,Trent Thornton,1495.3
2026-08-26,679,Jacob Waguespack,1495.3
2026-08-26,680,Mike Vasil,1495.2
2026-08-26,681,Wes Benjamin,1495.2
2026-08-26,682,Zach Plesac,1495.2
2026-08-26,683,Bailey Ober,1495.2
2026-08-26,684,Chase De Jong,1495.1
2026-08-26,685,Johan Oviedo,1495.1
2026-08-26,686,Ian Hamilton,1495.1
2026-08-26,687,Sammy Peralta,1495.0
2026-08-26,688,Chayce McDermott,1495.0
2026-08-26,689,Stephen Strasburg,1495.0
2026-08-26,690,Seth Johnson,1495.0
2026-08-26,691,Colin Rea,1495.0
2026-08-26,692,Mitch Keller,1495.0
2026-08-26,693,Austin Voth,1495.0
2026-08-26,694,Lyon Richardson,1495.0
2026-08-26,695,Nick Nelson,1494.9
2026-08-26,696,Dinelson Lamet,1494.9
2026-08-26,697,Colten Brewer,1494.9
2026-08-26,698,Packy Naughton,1494.9
2026-08-26,699,Ronald Bolaños,1494.9
2026-08-26,700,Andrew Triggs,1494.9
2026-08-26,701,T.J. Zeuch,1494.8
2026-08-26,702,Aaron Nola,1494.8
2026-08-26,703,Jonathan Cannon,1494.8
2026-08-26,704,Victor Mederos,1494.8
2026-08-26,705,Jackson Stephens,1494.8
2026-08-26,706,Alex Young,1494.8
2026-08-26,707,Adam Mazur,1494.7
2026-08-26,708,Cole Sands,1494.7
2026-08-26,709,Luis F. Castillo,1494.7
2026-08-26,710,Tommy Milone,1494.7
2026-08-26,711,Shaun Anderson,1494.7
2026-08-26,712,Huascar Ynoa,1494.6
2026-08-26,713,Ty Madden,1494.6
2026-08-26,714,Alec Bettinger,1494.6
2026-08-26,715,Jose Cabrera,1494.6
2026-08-26,716,Lewis Thorpe,1494.5
2026-08-26,717,Noah Davis,1494.5
2026-08-26,718,Slade Cecconi,1494.5
2026-08-26,719,Richard Bleier,1494.4
2026-08-26,720,Chase Petty,1494.3
2026-08-26,721,Scott Barlow,1494.3
2026-08-26,722,John King,1494.3
2026-08-26,723,Matt Strahm,1494.2
2026-08-26,724,Wade LeBlanc,1494.2
2026-08-26,725,Nabil Crismatt,1494.2
2026-08-26,726,Fernando Cruz,1494.1
2026-08-26,727,Matt Koch,1494.1
2026-08-26,728,Gunnar Hoglund,1494.1
2026-08-26,729,Colton Gordon,1494.0
2026-08-26,730,Xzavion Curry,1494.0
2026-08-26,731,Tucker Davidson,1493.9
2026-08-26,732,Max Castillo,1493.9
2026-08-26,733,Tanner Houck,1493.8
2026-08-26,734,Jordan Hicks,1493.8
2026-08-26,735,Hayden Wesneski,1493.8
2026-08-26,736,Derek Holland,1493.7
2026-08-26,737,Trevor Cahill,1493.7
2026-08-26,738,Davis Daniel,1493.7
2026-08-26,739,Daulton Jefferies,1493.6
2026-08-26,740,Erik Miller,1493.6
2026-08-26,741,Brendan Beck,1493.5
2026-08-26,742,Jake Bloss,1493.4
2026-08-26,743,Nate Pearson,1493.4
2026-08-26,744,Zach Logue,1493.3
2026-08-26,745,Connor Overton,1493.3
2026-08-26,746,Ben Joyce,1493.3
2026-08-26,747,Ryan Brasier,1493.2
2026-08-26,748,Humberto Castellanos,1493.2
2026-08-26,749,Sean Newcomb,1493.1
2026-08-26,750,Coleman Crow,1493.1
2026-08-26,751,Grant Holman,1493.1
2026-08-26,752,Elieser Hernández,1493.0
2026-08-26,753,Karl Kauffmann,1492.9
2026-08-26,754,Corbin Martin,1492.9
2026-08-26,755,Fraser Ellard,1492.8
2026-08-26,756,Reiver Sanmartin,1492.8
2026-08-26,757,A.J. Puk,1492.8
2026-08-26,758,Alex Wood,1492.8
2026-08-26,759,Jack Leiter,1492.6
2026-08-26,760,Jackson Kent,1492.5
2026-08-26,761,Lance McCullers Jr.,1492.5
2026-08-26,762,Adam Oller,1492.5
2026-08-26,763,Drew Rom,1492.5
2026-08-26,764,Bryan Hoeing,1492.5
2026-08-26,765,Richard Lovelady,1492.5
2026-08-26,766,Jared Jones,1492.4
2026-08-26,767,Sam Aldegheri,1492.4
2026-08-26,768,Zack Greinke,1492.4
2026-08-26,769,Humberto Mejía,1492.4
2026-08-26,770,Joe Ross,1492.4
2026-08-26,771,Austin Kitchen,1492.3
2026-08-26,772,Josh Fleming,1492.3
2026-08-26,773,Alex Wells,1492.3
2026-08-26,774,Reid Detmers,1492.2
2026-08-26,775,Jordan Yamamoto,1492.2
2026-08-26,776,Davis Martin,1492.0
2026-08-26,777,Wil Crowe,1492.0
2026-08-26,778,Matt Bush,1491.9
2026-08-26,779,Kade Morris,1491.9
2026-08-26,780,Zack Godley,1491.9
2026-08-26,781,J.P. France,1491.8
2026-08-26,782,Jonah Tong,1491.8
2026-08-26,783,Cade Cavalli,1491.7
2026-08-26,784,Drew Thorpe,1491.7
2026-08-26,785,Jack Dreyer,1491.6
2026-08-26,786,Dylan Dodd,1491.5
2026-08-26,787,Drew Rucinski,1491.4
2026-08-26,788,Carson Palmquist,1491.4
2026-08-26,789,Brennan Bernardino,1491.4
2026-08-26,790,Josh Lindblom,1491.3
2026-08-26,791,Ben Casparius,1491.3
2026-08-26,792,Rick Porcello,1491.3
2026-08-26,793,J.C. Mejía,1491.2
2026-08-26,794,Hayden Birdsong,1491.2
2026-08-26,795,Valente Bellozo,1491.2
2026-08-26,796,Mike Foltynewicz,1491.1
2026-08-26,797,Ljay Newsome,1491.1
2026-08-26,798,Dylan Bundy,1491.0
2026-08-26,799,Ty Blach,1491.0
2026-08-26,800,Yonny Chirinos,1490.8
2026-08-26,801,Dean Kremer,1490.7
2026-08-26,802,Spencer Miles,1490.6
2026-08-26,803,Richard Fitts,1490.6
2026-08-26,804,Denyi Reyes,1490.6
2026-08-26,805,Matt Waldron,1490.5
2026-08-26,806,Lucas Giolito,1490.5
2026-08-26,807,Luis Medina,1490.5
2026-08-26,808,Kohl Drake,1490.2
2026-08-26,809,Jeff Hoffman,1490.2
2026-08-26,810,Didier Fuentes,1490.1
2026-08-26,811,Cristian Javier,1490.0
2026-08-26,812,Tanner Roark,1490.0
2026-08-26,813,Cody Ponce,1489.9
2026-08-26,814,Tyler Gilbert,1489.9
2026-08-26,815,Logan Evans,1489.9
2026-08-26,816,Spenser Watkins,1489.8
2026-08-26,817,Carlos Hernández,1489.7
2026-08-26,818,Brady Singer,1489.7
2026-08-26,819,Easton Lucas,1489.7
2026-08-26,820,Ryan Castellani,1489.7
2026-08-26,821,Alan Rangel,1489.7
2026-08-26,822,Roddery Muñoz,1489.2
2026-08-26,823,Yoendrys Gómez,1489.1
2026-08-26,824,Justus Sheffield,1489.0
2026-08-26,825,Shane Smith,1489.0
2026-08-26,826,Spencer Arrighetti,1488.9
2026-08-26,827,Mitch White,1488.9
2026-08-26,828,Griffin Jax,1488.8
2026-08-26,829,Cionel Pérez,1488.8
2026-08-26,830,Taijuan Walker,1488.5
2026-08-26,831,Michael Fulmer,1488.5
2026-08-26,832,José Suarez,1488.4
2026-08-26,833,Caden Dana,1488.4
2026-08-26,834,Emerson Hancock,1488.3
2026-08-26,835,Connor Phillips,1488.2
2026-08-26,836,Thomas Pannone,1488.2
2026-08-26,837,JT Brubaker,1488.1
2026-08-26,838,Mitch Spence,1488.0
2026-08-26,839,Ryan Gusto,1488.0
2026-08-26,840,Bobby Miller,1487.9
2026-08-26,841,Jon Gray,1487.8
2026-08-26,842,Zac Lowther,1487.8
2026-08-26,843,Mason Barnett,1487.8
2026-08-26,844,Keegan Thompson,1487.7
2026-08-26,845,Jorge López,1487.7
2026-08-26,846,Sean Sullivan,1487.7
2026-08-26,847,Orion Kerkering,1487.7
2026-08-26,848,Jared Shuster,1487.7
2026-08-26,849,Aaron Ashby,1487.3
2026-08-26,850,Hurston Waldrep,1487.3
2026-08-26,851,Keegan Akin,1487.2
2026-08-26,852,Riley Smith,1487.0
2026-08-26,853,Julio Teheran,1486.9
2026-08-26,854,Luis Cessa,1486.7
2026-08-26,855,Gabriel Hughes,1486.7
2026-08-26,856,Caleb Smith,1486.6
2026-08-26,857,Jerad Eickhoff,1486.6
2026-08-26,858,Jackson Kowar,1486.6
2026-08-26,859,Blade Tidwell,1486.5
2026-08-26,860,Keaton Winn,1486.5
2026-08-26,861,Sawyer Gipson-Long,1486.3
2026-08-26,862,Bruce Zimmermann,1486.3
2026-08-26,863,Chase Dollander,1486.3
2026-08-26,864,Kohei Arihara,1486.2
2026-08-26,865,Simeon Woods Richardson,1486.2
2026-08-26,866,Trey Gibson,1486.0
2026-08-26,867,Emmet Sheehan,1485.9
2026-08-26,868,Brandon Williamson,1485.6
2026-08-26,869,Noah Syndergaard,1485.3
2026-08-26,870,Brandon Bielak,1485.2
2026-08-26,871,Vladimir Gutierrez,1485.2
2026-08-26,872,Shintaro Fujinami,1485.0
2026-08-26,873,Carson Spiers,1484.8
2026-08-26,874,Bryse Wilson,1484.8
2026-08-26,875,Kai-Wei Teng,1484.8
2026-08-26,876,Caleb Kilian,1484.7
2026-08-26,877,Elvin Rodríguez,1484.6
2026-08-26,878,Connor Gillispie,1484.5
2026-08-26,879,Patrick Sandoval,1484.0
2026-08-26,880,Jesse Scholtens,1483.8
2026-08-26,881,Matt Shoemaker,1483.7
2026-08-26,882,Matt Manning,1483.6
2026-08-26,883,Chi Chi González,1483.5
2026-08-26,884,Rich Hill,1483.5
2026-08-26,885,Alex Faedo,1483.4
2026-08-26,886,Andrew Painter,1483.3
2026-08-26,887,MacKenzie Gore,1483.2
2026-08-26,888,Touki Toussaint,1482.9
2026-08-26,889,Zach Thompson,1482.7
2026-08-26,890,Joe Boyle,1482.6
2026-08-26,891,Chris Paddack,1482.5
2026-08-26,892,Ken Waldichuk,1482.5
2026-08-26,893,Kyle Hart,1482.4
2026-08-26,894,Gage Jump,1482.4
2026-08-26,895,Allan Winans,1482.3
2026-08-26,896,Taj Bradley,1481.6
2026-08-26,897,Kyle Muller,1481.5
2026-08-26,898,Paolo Espino,1481.2
2026-08-26,899,Kutter Crawford,1481.1
2026-08-26,900,Dakota Hudson,1480.8
2026-08-26,901,Steven Cruz,1480.8
2026-08-26,902,Brad Keller,1480.7
2026-08-26,903,José Soriano,1480.6
2026-08-26,904,Joan Adon,1480.4
2026-08-26,905,Mike Burrows,1480.4
2026-08-26,906,Bryce Miller,1479.7
2026-08-26,907,Matt Harvey,1479.6
2026-08-26,908,Grayson Rodriguez,1478.8
2026-08-26,909,Trevor Williams,1478.8
2026-08-26,910,Griffin Canning,1478.4
2026-08-26,911,Jack Perkins,1478.1
2026-08-26,912,Jonathan Heasley,1478.1
2026-08-26,913,J.A. Happ,1478.0
2026-08-26,914,Luke Weaver,1477.8
2026-08-26,915,Andrew Heaney,1477.4
2026-08-26,916,Jake Woodford,1477.3
2026-08-26,917,Mike Minor,1477.0
2026-08-26,918,Jacob Lopez,1477.0
2026-08-26,919,Cal Quantrill,1476.9
2026-08-26,920,Jake Arrieta,1476.8
2026-08-26,921,Miles Mikolas,1476.5
2026-08-26,922,Spencer Howard,1476.3
2026-08-26,923,Jack Flaherty,1476.0
2026-08-26,924,Vince Velasquez,1475.9
2026-08-26,925,Kumar Rocker,1475.8
2026-08-26,926,Logan Allen,1475.6
2026-08-26,927,Osvaldo Bido,1475.6
2026-08-26,928,Sean Manaea,1475.5
2026-08-26,929,Edward Cabrera,1475.5
2026-08-26,930,James Paxton,1475.2
2026-08-26,931,Madison Bumgarner,1473.5
2026-08-26,932,Connor Seabold,1473.4
2026-08-26,933,Kyle Hendricks,1473.2
2026-08-26,934,Connor Prielipp,1472.9
2026-08-26,935,Noah Schultz,1472.8
2026-08-26,936,JP Sears,1472.7
2026-08-26,937,Erick Fedde,1472.7
2026-08-26,938,Joey Wentz,1471.9
2026-08-26,939,Graham Ashcraft,1471.8
2026-08-26,940,Kenta Maeda,1471.7
2026-08-26,941,Carlos Martinez,1471.0
2026-08-26,942,Aaron Civale,1470.8
2026-08-26,943,Zach Davies,1470.6
2026-08-26,944,Michael Lorenzen,1470.3
2026-08-26,945,Zebby Matthews,1469.7
2026-08-26,946,Steven Matz,1469.5
2026-08-26,947,Jeffrey Springs,1469.1
2026-08-26,948,Luis Severino,1468.9
2026-08-26,949,Matthew Liberatore,1468.9
2026-08-26,950,Dallas Keuchel,1468.3
2026-08-26,951,Yusei Kikuchi,1468.2
2026-08-26,952,Ryne Nelson,1467.8
2026-08-26,953,Tommy Henry,1467.6
2026-08-26,954,Chad Kuhl,1466.7
2026-08-26,955,Jake Irvin,1465.7
2026-08-26,956,Joey Estes,1465.1
2026-08-26,957,Germán Márquez,1464.7
2026-08-26,958,Cade Povich,1462.6
2026-08-26,959,Bradley Blalock,1462.0
2026-08-26,960,Carlos Carrasco,1461.4
2026-08-26,961,Will Warren,1460.3
2026-08-26,962,Chase Anderson,1456.2
2026-08-26,963,Michael Soroka,1455.2
2026-08-26,964,Jordan Lyles,1450.2
2026-08-26,965,Mitchell Parker,1449.1
2026-08-26,966,Tanner Gordon,1448.6
2026-08-26,967,Kyle Gibson,1448.5
2026-08-26,968,José Ureña,1447.5
2026-08-26,969,Chris Flexen,1446.0
2026-08-26,970,Austin Gomber,1443.9
2026-08-26,971,Jack Kochanowicz,1443.3
2026-08-26,972,Ryan Feltner,1430.9
2026-08-26,973,Patrick Corbin,1422.7
2026-08-26,974,Antonio Senzatela,1422.5
2026-08-26,975,Kyle Freeland,1410.0
