date,game_pk,home_team,away_team,combined_elo_pick,home_win_prob,home_prob_pick,prob_bucket,actual_winner,combined_elo_correct,home_prob_correct
2026-07-10,824252,Detroit Tigers,Philadelphia Phillies,Philadelphia Phillies,47.9,Philadelphia Phillies,45-50%,Detroit Tigers,False,False
2026-07-10,823357,Pittsburgh Pirates,Milwaukee Brewers,Milwaukee Brewers,42.3,Milwaukee Brewers,40-45%,Pittsburgh Pirates,False,False
2026-07-10,822709,Washington Nationals,New York Yankees,New York Yankees,47.6,New York Yankees,45-50%,New York Yankees,True,True
2026-07-10,824817,Baltimore Orioles,Kansas City Royals,Baltimore Orioles,54.9,Baltimore Orioles,50-55%,Baltimore Orioles,True,True
2026-07-10,824493,Cincinnati Reds,Chicago Cubs,Chicago Cubs,46.0,Chicago Cubs,45-50%,Cincinnati Reds,False,False
2026-07-10,822955,Tampa Bay Rays,Seattle Mariners,Tampa Bay Rays,56.0,Tampa Bay Rays,55-60%,Tampa Bay Rays,True,True
2026-07-10,823845,Miami Marlins,Cleveland Guardians,Miami Marlins,54.5,Miami Marlins,50-55%,Cleveland Guardians,False,False
2026-07-10,823604,New York Mets,Boston Red Sox,Boston Red Sox,45.5,Boston Red Sox,45-50%,Boston Red Sox,True,True
2026-07-10,824575,Chicago White Sox,Athletics,Chicago White Sox,61.1,Chicago White Sox,60-65%,Chicago White Sox,True,True
2026-07-10,822878,Texas Rangers,Houston Astros,Texas Rangers,56.6,Texas Rangers,55-60%,Texas Rangers,True,True
2026-07-10,823685,Minnesota Twins,Los Angeles Angels,Minnesota Twins,58.0,Minnesota Twins,55-60%,Los Angeles Angels,False,False
2026-07-10,823033,St. Louis Cardinals,Atlanta Braves,Atlanta Braves,50.7,St. Louis Cardinals,50-55%,St. Louis Cardinals,False,True
2026-07-10,823278,San Diego Padres,Toronto Blue Jays,San Diego Padres,53.8,San Diego Padres,50-55%,Toronto Blue Jays,False,False
2026-07-10,823927,Los Angeles Dodgers,Arizona Diamondbacks,Los Angeles Dodgers,66.1,Los Angeles Dodgers,65-70%,Arizona Diamondbacks,False,False
2026-07-10,823200,San Francisco Giants,Colorado Rockies,San Francisco Giants,60.1,San Francisco Giants,60-65%,Colorado Rockies,False,False
2026-07-11,822711,Washington Nationals,New York Yankees,New York Yankees,47.2,New York Yankees,45-50%,Washington Nationals,False,False
2026-07-11,822875,Texas Rangers,Houston Astros,Texas Rangers,57.0,Texas Rangers,55-60%,Houston Astros,False,False
2026-07-11,822953,Tampa Bay Rays,Seattle Mariners,Tampa Bay Rays,56.5,Tampa Bay Rays,55-60%,Tampa Bay Rays,True,True
2026-07-11,823030,St. Louis Cardinals,Atlanta Braves,Atlanta Braves,50.6,St. Louis Cardinals,50-55%,St. Louis Cardinals,False,True
2026-07-11,823198,San Francisco Giants,Colorado Rockies,San Francisco Giants,59.1,San Francisco Giants,55-60%,San Francisco Giants,True,True
2026-07-11,823276,San Diego Padres,Toronto Blue Jays,Toronto Blue Jays,53.4,San Diego Padres,50-55%,San Diego Padres,False,True
2026-07-11,823356,Pittsburgh Pirates,Milwaukee Brewers,Milwaukee Brewers,42.1,Milwaukee Brewers,40-45%,Pittsburgh Pirates,False,False
2026-07-11,823603,New York Mets,Boston Red Sox,Boston Red Sox,45.1,Boston Red Sox,45-50%,Boston Red Sox,True,True
2026-07-11,823682,Minnesota Twins,Los Angeles Angels,Minnesota Twins,57.5,Minnesota Twins,55-60%,Minnesota Twins,True,True
2026-07-11,823844,Miami Marlins,Cleveland Guardians,Miami Marlins,54.0,Miami Marlins,50-55%,Cleveland Guardians,False,False
2026-07-11,823926,Los Angeles Dodgers,Arizona Diamondbacks,Los Angeles Dodgers,65.4,Los Angeles Dodgers,65-70%,Arizona Diamondbacks,False,False
2026-07-11,824249,Detroit Tigers,Philadelphia Phillies,Philadelphia Phillies,48.6,Philadelphia Phillies,45-50%,Philadelphia Phillies,True,True
2026-07-11,824492,Cincinnati Reds,Chicago Cubs,Chicago Cubs,46.6,Chicago Cubs,45-50%,Chicago Cubs,True,True
2026-07-11,824576,Chicago White Sox,Athletics,Chicago White Sox,61.8,Chicago White Sox,60-65%,Chicago White Sox,True,True
2026-07-11,824813,Baltimore Orioles,Kansas City Royals,Baltimore Orioles,55.2,Baltimore Orioles,55-60%,Baltimore Orioles,True,True
2026-07-12,822708,Washington Nationals,New York Yankees,New York Yankees,46.5,New York Yankees,45-50%,New York Yankees,True,True
2026-07-12,822876,Texas Rangers,Houston Astros,Texas Rangers,56.4,Texas Rangers,55-60%,Texas Rangers,True,True
2026-07-12,822951,Tampa Bay Rays,Seattle Mariners,Tampa Bay Rays,56.5,Tampa Bay Rays,55-60%,Seattle Mariners,False,False
2026-07-12,823029,St. Louis Cardinals,Atlanta Braves,Atlanta Braves,51.1,St. Louis Cardinals,50-55%,Atlanta Braves,True,False
2026-07-12,823199,San Francisco Giants,Colorado Rockies,San Francisco Giants,59.4,San Francisco Giants,55-60%,Colorado Rockies,False,False
2026-07-12,823274,San Diego Padres,Toronto Blue Jays,San Diego Padres,53.8,San Diego Padres,50-55%,Toronto Blue Jays,False,False
2026-07-12,823358,Pittsburgh Pirates,Milwaukee Brewers,Milwaukee Brewers,43.1,Milwaukee Brewers,40-45%,Pittsburgh Pirates,False,False
2026-07-12,823602,New York Mets,Boston Red Sox,Boston Red Sox,44.7,Boston Red Sox,40-45%,Boston Red Sox,True,True
2026-07-12,823681,Minnesota Twins,Los Angeles Angels,Minnesota Twins,57.8,Minnesota Twins,55-60%,Minnesota Twins,True,True
2026-07-12,823842,Miami Marlins,Cleveland Guardians,Cleveland Guardians,53.0,Miami Marlins,50-55%,Cleveland Guardians,True,False
2026-07-12,823925,Los Angeles Dodgers,Arizona Diamondbacks,Los Angeles Dodgers,64.7,Los Angeles Dodgers,60-65%,Los Angeles Dodgers,True,True
2026-07-12,824250,Detroit Tigers,Philadelphia Phillies,Philadelphia Phillies,48.2,Philadelphia Phillies,45-50%,Philadelphia Phillies,True,True
2026-07-12,824491,Cincinnati Reds,Chicago Cubs,Chicago Cubs,46.0,Chicago Cubs,45-50%,Chicago Cubs,True,True
2026-07-12,824574,Chicago White Sox,Athletics,Chicago White Sox,62.1,Chicago White Sox,60-65%,Chicago White Sox,True,True
2026-07-12,824814,Baltimore Orioles,Kansas City Royals,Baltimore Orioles,55.3,Baltimore Orioles,55-60%,Baltimore Orioles,True,True
2026-07-16,823440,Philadelphia Phillies,New York Mets,Philadelphia Phillies,63.2,Philadelphia Phillies,60-65%,New York Mets,False,False
2026-07-17,822789,Toronto Blue Jays,Chicago White Sox,Chicago White Sox,52.2,Toronto Blue Jays,50-55%,Chicago White Sox,True,False
2026-07-17,823115,Seattle Mariners,San Francisco Giants,Seattle Mariners,60.0,Seattle Mariners,60-65%,San Francisco Giants,False,False
2026-07-17,823524,New York Yankees,Los Angeles Dodgers,Los Angeles Dodgers,50.2,New York Yankees,50-55%,Los Angeles Dodgers,True,False
2026-07-17,823766,Milwaukee Brewers,Miami Marlins,Milwaukee Brewers,58.6,Milwaukee Brewers,55-60%,Milwaukee Brewers,True,True
2026-07-17,824009,Los Angeles Angels,Detroit Tigers,Detroit Tigers,45.0,Detroit Tigers,45-50%,Detroit Tigers,True,True
2026-07-17,824090,Kansas City Royals,San Diego Padres,San Diego Padres,47.1,San Diego Padres,45-50%,Kansas City Royals,False,False
2026-07-17,824170,Houston Astros,Baltimore Orioles,Baltimore Orioles,52.7,Houston Astros,50-55%,Baltimore Orioles,True,False
2026-07-17,824332,Colorado Rockies,Cincinnati Reds,Cincinnati Reds,46.3,Cincinnati Reds,45-50%,Cincinnati Reds,True,True
2026-07-17,824414,Cleveland Guardians,Pittsburgh Pirates,Cleveland Guardians,55.5,Cleveland Guardians,55-60%,Pittsburgh Pirates,False,False
2026-07-17,824655,Chicago Cubs,Minnesota Twins,Chicago Cubs,60.5,Chicago Cubs,60-65%,Minnesota Twins,False,False
2026-07-17,824737,Boston Red Sox,Tampa Bay Rays,Boston Red Sox,55.0,Boston Red Sox,55-60%,Boston Red Sox,True,True
2026-07-17,824766,Boston Red Sox,Tampa Bay Rays,Boston Red Sox,55.0,Boston Red Sox,55-60%,Boston Red Sox,True,True
2026-07-17,824901,Atlanta Braves,Texas Rangers,Atlanta Braves,55.3,Atlanta Braves,55-60%,Atlanta Braves,True,True
2026-07-17,824981,Athletics,Washington Nationals,Washington Nationals,44.6,Washington Nationals,40-45%,Washington Nationals,True,True
2026-07-17,825060,Arizona Diamondbacks,St. Louis Cardinals,St. Louis Cardinals,51.5,Arizona Diamondbacks,50-55%,St. Louis Cardinals,True,False
2026-07-18,822790,Toronto Blue Jays,Chicago White Sox,Chicago White Sox,51.7,Toronto Blue Jays,50-55%,Toronto Blue Jays,False,True
2026-07-18,823116,Seattle Mariners,San Francisco Giants,Seattle Mariners,59.4,Seattle Mariners,55-60%,Seattle Mariners,True,True
2026-07-18,823441,Philadelphia Phillies,New York Mets,Philadelphia Phillies,63.3,Philadelphia Phillies,60-65%,Philadelphia Phillies,True,True
2026-07-18,823523,New York Yankees,Los Angeles Dodgers,Los Angeles Dodgers,52.0,New York Yankees,50-55%,Los Angeles Dodgers,True,False
2026-07-18,823763,Milwaukee Brewers,Miami Marlins,Milwaukee Brewers,59.1,Milwaukee Brewers,55-60%,Miami Marlins,False,False
2026-07-18,824008,Los Angeles Angels,Detroit Tigers,Detroit Tigers,43.9,Detroit Tigers,40-45%,Detroit Tigers,True,True
2026-07-18,824088,Kansas City Royals,San Diego Padres,San Diego Padres,47.3,San Diego Padres,45-50%,Kansas City Royals,False,False
2026-07-18,824169,Houston Astros,Baltimore Orioles,Baltimore Orioles,51.5,Houston Astros,50-55%,Baltimore Orioles,True,False
2026-07-18,824331,Colorado Rockies,Cincinnati Reds,Cincinnati Reds,46.7,Cincinnati Reds,45-50%,Colorado Rockies,False,False
2026-07-18,824412,Cleveland Guardians,Pittsburgh Pirates,Cleveland Guardians,55.5,Cleveland Guardians,55-60%,Cleveland Guardians,True,True
2026-07-18,824657,Chicago Cubs,Minnesota Twins,Chicago Cubs,59.4,Chicago Cubs,55-60%,Chicago Cubs,True,True
2026-07-18,824738,Boston Red Sox,Tampa Bay Rays,Boston Red Sox,56.4,Boston Red Sox,55-60%,Boston Red Sox,True,True
2026-07-18,824899,Atlanta Braves,Texas Rangers,Atlanta Braves,56.7,Atlanta Braves,55-60%,Texas Rangers,False,False
2026-07-18,824979,Athletics,Washington Nationals,Washington Nationals,45.1,Washington Nationals,45-50%,Athletics,False,False
2026-07-18,825059,Arizona Diamondbacks,St. Louis Cardinals,St. Louis Cardinals,51.6,Arizona Diamondbacks,50-55%,Arizona Diamondbacks,False,True
2026-07-19,822786,Toronto Blue Jays,Chicago White Sox,Chicago White Sox,51.7,Toronto Blue Jays,50-55%,Chicago White Sox,True,False
2026-07-19,823113,Seattle Mariners,San Francisco Giants,Seattle Mariners,59.6,Seattle Mariners,55-60%,San Francisco Giants,False,False
2026-07-19,823439,Philadelphia Phillies,New York Mets,Philadelphia Phillies,63.1,Philadelphia Phillies,60-65%,New York Mets,False,False
2026-07-19,823521,New York Yankees,Los Angeles Dodgers,Los Angeles Dodgers,51.7,New York Yankees,50-55%,New York Yankees,False,True
2026-07-19,823764,Milwaukee Brewers,Miami Marlins,Milwaukee Brewers,59.4,Milwaukee Brewers,55-60%,Miami Marlins,False,False
2026-07-19,824007,Los Angeles Angels,Detroit Tigers,Detroit Tigers,43.3,Detroit Tigers,40-45%,Detroit Tigers,True,True
2026-07-19,824086,Kansas City Royals,San Diego Padres,San Diego Padres,47.8,San Diego Padres,45-50%,San Diego Padres,True,True
2026-07-19,824168,Houston Astros,Baltimore Orioles,Baltimore Orioles,51.0,Houston Astros,50-55%,Baltimore Orioles,True,False
2026-07-19,824330,Colorado Rockies,Cincinnati Reds,Cincinnati Reds,47.4,Cincinnati Reds,45-50%,Cincinnati Reds,True,True
2026-07-19,824411,Cleveland Guardians,Pittsburgh Pirates,Cleveland Guardians,54.1,Cleveland Guardians,50-55%,Pittsburgh Pirates,False,False
2026-07-19,824653,Chicago Cubs,Minnesota Twins,Chicago Cubs,59.8,Chicago Cubs,55-60%,Chicago Cubs,True,True
2026-07-19,824739,Boston Red Sox,Tampa Bay Rays,Boston Red Sox,56.7,Boston Red Sox,55-60%,Boston Red Sox,True,True
2026-07-19,824897,Atlanta Braves,Texas Rangers,Atlanta Braves,55.8,Atlanta Braves,55-60%,Atlanta Braves,True,True
2026-07-19,824978,Athletics,Washington Nationals,Washington Nationals,46.1,Washington Nationals,45-50%,Washington Nationals,True,True
2026-07-19,825057,Arizona Diamondbacks,St. Louis Cardinals,St. Louis Cardinals,52.0,Arizona Diamondbacks,50-55%,Arizona Diamondbacks,False,True
2026-07-20,822788,Toronto Blue Jays,Tampa Bay Rays,Tampa Bay Rays,51.6,Toronto Blue Jays,50-55%,Tampa Bay Rays,True,False
2026-07-20,822874,Texas Rangers,Chicago White Sox,Chicago White Sox,52.5,Texas Rangers,50-55%,Chicago White Sox,True,False
2026-07-20,823112,Seattle Mariners,Cincinnati Reds,Seattle Mariners,57.7,Seattle Mariners,55-60%,Seattle Mariners,True,True
2026-07-20,823436,Philadelphia Phillies,Los Angeles Dodgers,Los Angeles Dodgers,51.7,Philadelphia Phillies,50-55%,Philadelphia Phillies,False,True
2026-07-20,823522,New York Yankees,Pittsburgh Pirates,New York Yankees,56.4,New York Yankees,55-60%,New York Yankees,True,True
2026-07-20,823762,Milwaukee Brewers,New York Mets,Milwaukee Brewers,65.5,Milwaukee Brewers,65-70%,Milwaukee Brewers,True,True
2026-07-20,824006,Los Angeles Angels,St. Louis Cardinals,St. Louis Cardinals,44.1,St. Louis Cardinals,40-45%,Los Angeles Angels,False,False
2026-07-20,824087,Kansas City Royals,San Francisco Giants,San Francisco Giants,50.9,Kansas City Royals,50-55%,Kansas City Royals,False,True
2026-07-20,824167,Houston Astros,Miami Marlins,Miami Marlins,50.8,Houston Astros,50-55%,Houston Astros,False,True
2026-07-20,824328,Colorado Rockies,Washington Nationals,Washington Nationals,45.4,Washington Nationals,45-50%,Washington Nationals,True,True
2026-07-20,824410,Cleveland Guardians,Minnesota Twins,Cleveland Guardians,59.2,Cleveland Guardians,55-60%,Cleveland Guardians,True,True
2026-07-20,824654,Chicago Cubs,Detroit Tigers,Chicago Cubs,56.5,Chicago Cubs,55-60%,Detroit Tigers,False,False
2026-07-20,824736,Boston Red Sox,Baltimore Orioles,Boston Red Sox,55.4,Boston Red Sox,55-60%,Boston Red Sox,True,True
2026-07-20,824898,Atlanta Braves,San Diego Padres,Atlanta Braves,57.2,Atlanta Braves,55-60%,Atlanta Braves,True,True
2026-07-20,825058,Arizona Diamondbacks,Athletics,Arizona Diamondbacks,60.9,Arizona Diamondbacks,60-65%,Athletics,False,False
2026-07-21,822787,Toronto Blue Jays,Tampa Bay Rays,Tampa Bay Rays,50.9,Toronto Blue Jays,50-55%,Tampa Bay Rays,True,False
2026-07-21,822871,Texas Rangers,Chicago White Sox,Chicago White Sox,51.8,Texas Rangers,50-55%,Texas Rangers,False,True
2026-07-21,823114,Seattle Mariners,Cincinnati Reds,Seattle Mariners,58.3,Seattle Mariners,55-60%,Cincinnati Reds,False,False
2026-07-21,823437,Philadelphia Phillies,Los Angeles Dodgers,Los Angeles Dodgers,52.1,Philadelphia Phillies,50-55%,Los Angeles Dodgers,True,False
2026-07-21,823519,New York Yankees,Pittsburgh Pirates,New York Yankees,56.9,New York Yankees,55-60%,New York Yankees,True,True
2026-07-21,823760,Milwaukee Brewers,New York Mets,Milwaukee Brewers,65.8,Milwaukee Brewers,65-70%,New York Mets,False,False
2026-07-21,824005,Los Angeles Angels,St. Louis Cardinals,St. Louis Cardinals,44.6,St. Louis Cardinals,40-45%,Los Angeles Angels,False,False
2026-07-21,824085,Kansas City Royals,San Francisco Giants,San Francisco Giants,51.3,Kansas City Royals,50-55%,Kansas City Royals,False,True
2026-07-21,824165,Houston Astros,Miami Marlins,Miami Marlins,51.3,Houston Astros,50-55%,Houston Astros,False,True
2026-07-21,824329,Colorado Rockies,Washington Nationals,Washington Nationals,44.9,Washington Nationals,40-45%,Colorado Rockies,False,False
2026-07-21,824409,Cleveland Guardians,Minnesota Twins,Cleveland Guardians,59.8,Cleveland Guardians,55-60%,Cleveland Guardians,True,True
2026-07-21,824652,Chicago Cubs,Detroit Tigers,Chicago Cubs,56.0,Chicago Cubs,55-60%,Chicago Cubs,True,True
2026-07-21,824735,Boston Red Sox,Baltimore Orioles,Boston Red Sox,55.7,Boston Red Sox,55-60%,Boston Red Sox,True,True
2026-07-21,824895,Atlanta Braves,San Diego Padres,Atlanta Braves,57.5,Atlanta Braves,55-60%,San Diego Padres,False,False
2026-07-21,825056,Arizona Diamondbacks,Athletics,Arizona Diamondbacks,60.8,Arizona Diamondbacks,60-65%,Arizona Diamondbacks,True,True
2026-07-22,822784,Toronto Blue Jays,Tampa Bay Rays,Tampa Bay Rays,50.2,Toronto Blue Jays,50-55%,Tampa Bay Rays,True,False
2026-07-22,822873,Texas Rangers,Chicago White Sox,Chicago White Sox,52.6,Texas Rangers,50-55%,Chicago White Sox,True,False
2026-07-22,823110,Seattle Mariners,Cincinnati Reds,Seattle Mariners,57.7,Seattle Mariners,55-60%,Seattle Mariners,True,True
2026-07-22,823438,Philadelphia Phillies,Los Angeles Dodgers,Los Angeles Dodgers,51.7,Philadelphia Phillies,50-55%,Los Angeles Dodgers,True,False
2026-07-22,823518,New York Yankees,Pittsburgh Pirates,New York Yankees,56.4,New York Yankees,55-60%,Pittsburgh Pirates,False,False
2026-07-22,823761,Milwaukee Brewers,New York Mets,Milwaukee Brewers,64.7,Milwaukee Brewers,60-65%,Milwaukee Brewers,True,True
2026-07-22,824004,Los Angeles Angels,St. Louis Cardinals,St. Louis Cardinals,45.2,St. Louis Cardinals,45-50%,St. Louis Cardinals,True,True
2026-07-22,824083,Kansas City Royals,San Francisco Giants,San Francisco Giants,51.3,Kansas City Royals,50-55%,Kansas City Royals,False,True
2026-07-22,824166,Houston Astros,Miami Marlins,Miami Marlins,51.7,Houston Astros,50-55%,Houston Astros,False,True
2026-07-22,824327,Colorado Rockies,Washington Nationals,Washington Nationals,45.4,Washington Nationals,45-50%,Washington Nationals,True,True
2026-07-22,824408,Cleveland Guardians,Minnesota Twins,Cleveland Guardians,60.1,Cleveland Guardians,60-65%,Minnesota Twins,False,False
2026-07-22,824650,Chicago Cubs,Detroit Tigers,Chicago Cubs,56.7,Chicago Cubs,55-60%,Detroit Tigers,False,False
2026-07-22,824732,Boston Red Sox,Baltimore Orioles,Boston Red Sox,55.3,Boston Red Sox,55-60%,Baltimore Orioles,False,False
2026-07-22,824896,Atlanta Braves,San Diego Padres,Atlanta Braves,56.9,Atlanta Braves,55-60%,Atlanta Braves,True,True
2026-07-22,825055,Arizona Diamondbacks,Athletics,Arizona Diamondbacks,61.0,Arizona Diamondbacks,60-65%,Arizona Diamondbacks,True,True
2026-07-23,822785,Toronto Blue Jays,Tampa Bay Rays,Tampa Bay Rays,49.8,Tampa Bay Rays,45-50%,Toronto Blue Jays,False,False
2026-07-23,823042,St. Louis Cardinals,Arizona Diamondbacks,Arizona Diamondbacks,52.1,St. Louis Cardinals,50-55%,Arizona Diamondbacks,True,False
2026-07-23,824247,Detroit Tigers,Kansas City Royals,Detroit Tigers,60.5,Detroit Tigers,60-65%,Detroit Tigers,True,True
2026-07-23,824406,Cleveland Guardians,Minnesota Twins,Cleveland Guardians,59.1,Cleveland Guardians,55-60%,Minnesota Twins,False,False
2026-07-23,824893,Atlanta Braves,San Diego Padres,Atlanta Braves,56.8,Atlanta Braves,55-60%,Atlanta Braves,True,True
2026-07-24,822707,Washington Nationals,Arizona Diamondbacks,Arizona Diamondbacks,48.7,Arizona Diamondbacks,45-50%,Arizona Diamondbacks,True,True
2026-07-24,822872,Texas Rangers,Seattle Mariners,Seattle Mariners,51.8,Texas Rangers,50-55%,Texas Rangers,False,True
2026-07-24,822952,Tampa Bay Rays,Cleveland Guardians,Cleveland Guardians,53.7,Tampa Bay Rays,50-55%,Tampa Bay Rays,False,True
2026-07-24,823031,St. Louis Cardinals,Cincinnati Reds,St. Louis Cardinals,54.8,St. Louis Cardinals,50-55%,Cincinnati Reds,False,False
2026-07-24,823196,San Francisco Giants,Los Angeles Angels,San Francisco Giants,56.5,San Francisco Giants,55-60%,San Francisco Giants,True,True
2026-07-24,823352,Pittsburgh Pirates,Chicago Cubs,Chicago Cubs,50.1,Pittsburgh Pirates,50-55%,Chicago Cubs,True,False
2026-07-24,823434,Philadelphia Phillies,New York Yankees,Philadelphia Phillies,54.4,Philadelphia Phillies,50-55%,New York Yankees,False,False
2026-07-24,823601,New York Mets,Los Angeles Dodgers,Los Angeles Dodgers,41.9,Los Angeles Dodgers,40-45%,Los Angeles Dodgers,True,True
2026-07-24,823680,Minnesota Twins,Athletics,Minnesota Twins,59.6,Minnesota Twins,55-60%,Athletics,False,False
2026-07-24,823759,Milwaukee Brewers,Colorado Rockies,Milwaukee Brewers,70.5,Milwaukee Brewers,70-75%,Colorado Rockies,False,False
2026-07-24,823843,Miami Marlins,San Diego Padres,Miami Marlins,54.8,Miami Marlins,50-55%,San Diego Padres,False,False
2026-07-24,824248,Detroit Tigers,Kansas City Royals,Detroit Tigers,59.8,Detroit Tigers,55-60%,Detroit Tigers,True,True
2026-07-24,824573,Chicago White Sox,Houston Astros,Chicago White Sox,58.0,Chicago White Sox,55-60%,Houston Astros,False,False
2026-07-24,824733,Boston Red Sox,Toronto Blue Jays,Boston Red Sox,58.9,Boston Red Sox,55-60%,Boston Red Sox,True,True
2026-07-24,824812,Baltimore Orioles,Atlanta Braves,Atlanta Braves,48.4,Atlanta Braves,45-50%,Atlanta Braves,True,True
2026-07-25,822704,Washington Nationals,Arizona Diamondbacks,Arizona Diamondbacks,48.3,Arizona Diamondbacks,45-50%,Washington Nationals,False,False
2026-07-25,822869,Texas Rangers,Seattle Mariners,Seattle Mariners,52.7,Texas Rangers,50-55%,Texas Rangers,False,True
2026-07-25,822948,Tampa Bay Rays,Cleveland Guardians,Tampa Bay Rays,55.3,Tampa Bay Rays,55-60%,Tampa Bay Rays,True,True
2026-07-25,823027,St. Louis Cardinals,Cincinnati Reds,St. Louis Cardinals,54.3,St. Louis Cardinals,50-55%,St. Louis Cardinals,True,True
2026-07-25,823197,San Francisco Giants,Los Angeles Angels,San Francisco Giants,56.5,San Francisco Giants,55-60%,San Francisco Giants,True,True
2026-07-25,823355,Pittsburgh Pirates,Chicago Cubs,Chicago Cubs,49.9,Chicago Cubs,45-50%,Chicago Cubs,True,True
2026-07-25,823435,Philadelphia Phillies,New York Yankees,Philadelphia Phillies,54.5,Philadelphia Phillies,50-55%,New York Yankees,False,False
2026-07-25,823600,New York Mets,Los Angeles Dodgers,Los Angeles Dodgers,41.6,Los Angeles Dodgers,40-45%,Los Angeles Dodgers,True,True
2026-07-25,823679,Minnesota Twins,Athletics,Minnesota Twins,59.1,Minnesota Twins,55-60%,Minnesota Twins,True,True
2026-07-25,823758,Milwaukee Brewers,Colorado Rockies,Milwaukee Brewers,70.5,Milwaukee Brewers,70-75%,Milwaukee Brewers,True,True
2026-07-25,823841,Miami Marlins,San Diego Padres,Miami Marlins,54.3,Miami Marlins,50-55%,San Diego Padres,False,False
2026-07-25,824244,Detroit Tigers,Kansas City Royals,Detroit Tigers,59.6,Detroit Tigers,55-60%,Kansas City Royals,False,False
2026-07-25,824571,Chicago White Sox,Houston Astros,Chicago White Sox,57.5,Chicago White Sox,55-60%,Houston Astros,False,False
2026-07-25,824734,Boston Red Sox,Toronto Blue Jays,Boston Red Sox,61.1,Boston Red Sox,60-65%,Toronto Blue Jays,False,False
2026-07-25,824811,Baltimore Orioles,Atlanta Braves,Atlanta Braves,47.3,Atlanta Braves,45-50%,Baltimore Orioles,False,False
2026-07-26,822706,Washington Nationals,Arizona Diamondbacks,Arizona Diamondbacks,48.4,Arizona Diamondbacks,45-50%,Washington Nationals,False,False
2026-07-26,822870,Texas Rangers,Seattle Mariners,Texas Rangers,53.2,Texas Rangers,50-55%,Texas Rangers,True,True
2026-07-26,822950,Tampa Bay Rays,Cleveland Guardians,Tampa Bay Rays,55.3,Tampa Bay Rays,55-60%,Tampa Bay Rays,True,True
2026-07-26,823028,St. Louis Cardinals,Cincinnati Reds,St. Louis Cardinals,54.5,St. Louis Cardinals,50-55%,Cincinnati Reds,False,False
2026-07-26,823194,San Francisco Giants,Los Angeles Angels,San Francisco Giants,57.0,San Francisco Giants,55-60%,Los Angeles Angels,False,False
2026-07-26,823354,Pittsburgh Pirates,Chicago Cubs,Chicago Cubs,49.1,Chicago Cubs,45-50%,Pittsburgh Pirates,False,False
2026-07-26,823433,Philadelphia Phillies,New York Yankees,New York Yankees,54.0,Philadelphia Phillies,50-55%,Philadelphia Phillies,False,True
2026-07-26,823599,New York Mets,Los Angeles Dodgers,Los Angeles Dodgers,41.2,Los Angeles Dodgers,40-45%,New York Mets,False,False
2026-07-26,823678,Minnesota Twins,Athletics,Minnesota Twins,59.4,Minnesota Twins,55-60%,Minnesota Twins,True,True
2026-07-26,823755,Milwaukee Brewers,Colorado Rockies,Milwaukee Brewers,70.7,Milwaukee Brewers,70-75%,Milwaukee Brewers,True,True
2026-07-26,823840,Miami Marlins,San Diego Padres,Miami Marlins,53.4,Miami Marlins,50-55%,San Diego Padres,False,False
2026-07-26,824246,Detroit Tigers,Kansas City Royals,Detroit Tigers,59.1,Detroit Tigers,55-60%,Kansas City Royals,False,False
2026-07-26,824572,Chicago White Sox,Houston Astros,Chicago White Sox,57.0,Chicago White Sox,55-60%,Chicago White Sox,True,True
2026-07-26,824730,Boston Red Sox,Toronto Blue Jays,Boston Red Sox,60.3,Boston Red Sox,60-65%,Boston Red Sox,True,True
2026-07-26,824810,Baltimore Orioles,Atlanta Braves,Atlanta Braves,47.4,Atlanta Braves,45-50%,Atlanta Braves,True,True
2026-07-27,822705,Washington Nationals,Toronto Blue Jays,Washington Nationals,53.5,Washington Nationals,50-55%,Toronto Blue Jays,False,False
2026-07-27,822868,Texas Rangers,Seattle Mariners,Seattle Mariners,52.7,Texas Rangers,50-55%,Texas Rangers,False,True
2026-07-27,823025,St. Louis Cardinals,Chicago Cubs,Chicago Cubs,47.3,Chicago Cubs,45-50%,Chicago Cubs,True,True
2026-07-27,823195,San Francisco Giants,Milwaukee Brewers,Milwaukee Brewers,39.9,Milwaukee Brewers,35-40%,San Francisco Giants,False,False
2026-07-27,823353,Pittsburgh Pirates,Arizona Diamondbacks,Pittsburgh Pirates,53.8,Pittsburgh Pirates,50-55%,Pittsburgh Pirates,True,True
2026-07-27,823597,New York Mets,Atlanta Braves,Atlanta Braves,45.1,Atlanta Braves,45-50%,New York Mets,False,False
2026-07-27,823839,Miami Marlins,Philadelphia Phillies,Philadelphia Phillies,48.9,Philadelphia Phillies,45-50%,Miami Marlins,False,False
2026-07-27,824001,Los Angeles Angels,Houston Astros,Houston Astros,46.6,Houston Astros,45-50%,Houston Astros,True,True
2026-07-27,824245,Detroit Tigers,Baltimore Orioles,Baltimore Orioles,51.9,Detroit Tigers,50-55%,Baltimore Orioles,True,False
2026-07-27,824490,Cincinnati Reds,Cleveland Guardians,Cleveland Guardians,49.9,Cleveland Guardians,45-50%,Cleveland Guardians,True,True
2026-07-27,824570,Chicago White Sox,New York Yankees,New York Yankees,51.2,Chicago White Sox,50-55%,New York Yankees,True,False
2026-07-27,824977,Athletics,Boston Red Sox,Boston Red Sox,39.0,Boston Red Sox,35-40%,Boston Red Sox,True,True
2026-07-28,822703,Washington Nationals,Toronto Blue Jays,Washington Nationals,53.1,Washington Nationals,50-55%,Washington Nationals,True,True
2026-07-28,822949,Tampa Bay Rays,Texas Rangers,Tampa Bay Rays,57.2,Tampa Bay Rays,55-60%,Texas Rangers,False,False
2026-07-28,823026,St. Louis Cardinals,Chicago Cubs,Chicago Cubs,46.8,Chicago Cubs,45-50%,Chicago Cubs,True,True
2026-07-28,823193,San Francisco Giants,Milwaukee Brewers,Milwaukee Brewers,39.9,Milwaukee Brewers,35-40%,Milwaukee Brewers,True,True
2026-07-28,823275,San Diego Padres,Colorado Rockies,San Diego Padres,64.4,San Diego Padres,60-65%,San Diego Padres,True,True
2026-07-28,823350,Pittsburgh Pirates,Arizona Diamondbacks,Pittsburgh Pirates,54.2,Pittsburgh Pirates,50-55%,Arizona Diamondbacks,False,False
2026-07-28,823598,New York Mets,Atlanta Braves,Atlanta Braves,46.0,Atlanta Braves,45-50%,Atlanta Braves,True,True
2026-07-28,823676,Minnesota Twins,Kansas City Royals,Minnesota Twins,55.8,Minnesota Twins,55-60%,Minnesota Twins,True,True
2026-07-28,823838,Miami Marlins,Philadelphia Phillies,Philadelphia Phillies,51.1,Miami Marlins,50-55%,Miami Marlins,False,True
2026-07-28,823923,Los Angeles Dodgers,Seattle Mariners,Los Angeles Dodgers,63.9,Los Angeles Dodgers,60-65%,Seattle Mariners,False,False
2026-07-28,824003,Los Angeles Angels,Houston Astros,Houston Astros,46.2,Houston Astros,45-50%,Houston Astros,True,True
2026-07-28,824243,Detroit Tigers,Baltimore Orioles,Baltimore Orioles,51.8,Detroit Tigers,50-55%,Detroit Tigers,False,True
2026-07-28,824489,Cincinnati Reds,Cleveland Guardians,Cleveland Guardians,49.6,Cleveland Guardians,45-50%,Cincinnati Reds,False,False
2026-07-28,824569,Chicago White Sox,New York Yankees,New York Yankees,50.7,Chicago White Sox,50-55%,New York Yankees,True,False
2026-07-28,824976,Athletics,Boston Red Sox,Boston Red Sox,37.0,Boston Red Sox,35-40%,Athletics,False,False
2026-07-29,822702,Washington Nationals,Toronto Blue Jays,Washington Nationals,53.0,Washington Nationals,50-55%,Toronto Blue Jays,False,False
2026-07-29,822947,Tampa Bay Rays,Texas Rangers,Tampa Bay Rays,56.3,Tampa Bay Rays,55-60%,Tampa Bay Rays,True,True
2026-07-29,823022,St. Louis Cardinals,Chicago Cubs,Chicago Cubs,46.2,Chicago Cubs,45-50%,St. Louis Cardinals,False,False
2026-07-29,823192,San Francisco Giants,Milwaukee Brewers,Milwaukee Brewers,39.5,Milwaukee Brewers,35-40%,San Francisco Giants,False,False
2026-07-29,823273,San Diego Padres,Colorado Rockies,San Diego Padres,64.5,San Diego Padres,60-65%,San Diego Padres,True,True
2026-07-29,823351,Pittsburgh Pirates,Arizona Diamondbacks,Pittsburgh Pirates,53.3,Pittsburgh Pirates,50-55%,Arizona Diamondbacks,False,False
2026-07-29,823596,New York Mets,Atlanta Braves,Atlanta Braves,45.7,Atlanta Braves,45-50%,New York Mets,False,False
2026-07-29,823677,Minnesota Twins,Kansas City Royals,Minnesota Twins,56.1,Minnesota Twins,55-60%,Kansas City Royals,False,False
2026-07-29,823837,Miami Marlins,Philadelphia Phillies,Philadelphia Phillies,51.1,Miami Marlins,50-55%,Miami Marlins,False,True
2026-07-29,823924,Los Angeles Dodgers,Seattle Mariners,Los Angeles Dodgers,63.4,Los Angeles Dodgers,60-65%,Los Angeles Dodgers,True,True
2026-07-29,824002,Los Angeles Angels,Houston Astros,Houston Astros,45.9,Houston Astros,45-50%,Houston Astros,True,True
2026-07-29,824242,Detroit Tigers,Baltimore Orioles,Baltimore Orioles,52.2,Detroit Tigers,50-55%,Baltimore Orioles,True,False
2026-07-29,824487,Cincinnati Reds,Cleveland Guardians,Cleveland Guardians,49.9,Cleveland Guardians,45-50%,Cleveland Guardians,True,True
2026-07-29,824567,Chicago White Sox,New York Yankees,New York Yankees,50.4,Chicago White Sox,50-55%,Chicago White Sox,False,True
2026-07-29,824973,Athletics,Boston Red Sox,Boston Red Sox,37.5,Boston Red Sox,35-40%,Boston Red Sox,True,True
2026-07-30,822946,Tampa Bay Rays,Texas Rangers,Tampa Bay Rays,56.2,Tampa Bay Rays,55-60%,Tampa Bay Rays,True,True
2026-07-30,823023,St. Louis Cardinals,Chicago Cubs,Chicago Cubs,46.5,Chicago Cubs,45-50%,Chicago Cubs,True,True
2026-07-30,823271,San Diego Padres,San Francisco Giants,San Diego Padres,59.8,San Diego Padres,55-60%,San Francisco Giants,False,False
2026-07-30,823595,New York Mets,Miami Marlins,Miami Marlins,49.1,Miami Marlins,45-50%,New York Mets,False,False
2026-07-30,823674,Minnesota Twins,Kansas City Royals,Minnesota Twins,55.1,Minnesota Twins,55-60%,Minnesota Twins,True,True
2026-07-30,823921,Los Angeles Dodgers,Seattle Mariners,Los Angeles Dodgers,63.6,Los Angeles Dodgers,60-65%,Los Angeles Dodgers,True,True
2026-07-30,824488,Cincinnati Reds,Pittsburgh Pirates,Pittsburgh Pirates,48.4,Pittsburgh Pirates,45-50%,Cincinnati Reds,False,False
2026-07-30,824568,Chicago White Sox,New York Yankees,New York Yankees,50.4,Chicago White Sox,50-55%,New York Yankees,True,False
2026-07-30,824894,Atlanta Braves,Washington Nationals,Atlanta Braves,57.0,Atlanta Braves,55-60%,Atlanta Braves,True,True
2026-07-30,824974,Athletics,Boston Red Sox,Boston Red Sox,37.3,Boston Red Sox,35-40%,Boston Red Sox,True,True
2026-07-31,822782,Toronto Blue Jays,St. Louis Cardinals,St. Louis Cardinals,50.9,Toronto Blue Jays,50-55%,Toronto Blue Jays,False,True
2026-07-31,822945,Tampa Bay Rays,Chicago White Sox,Tampa Bay Rays,56.2,Tampa Bay Rays,55-60%,Chicago White Sox,False,False
2026-07-31,823111,Seattle Mariners,Minnesota Twins,Seattle Mariners,56.7,Seattle Mariners,55-60%,Minnesota Twins,False,False
2026-07-31,823272,San Diego Padres,San Francisco Giants,San Diego Padres,58.1,San Diego Padres,55-60%,San Diego Padres,True,True
2026-07-31,823593,New York Mets,Miami Marlins,Miami Marlins,49.8,Miami Marlins,45-50%,Miami Marlins,True,True
2026-07-31,823922,Los Angeles Dodgers,Boston Red Sox,Los Angeles Dodgers,56.9,Los Angeles Dodgers,55-60%,Boston Red Sox,False,False
2026-07-31,823999,Los Angeles Angels,Milwaukee Brewers,Milwaukee Brewers,36.2,Milwaukee Brewers,35-40%,Milwaukee Brewers,True,True
2026-07-31,824164,Houston Astros,Texas Rangers,Texas Rangers,54.3,Houston Astros,50-55%,Houston Astros,False,True
2026-07-31,824325,Colorado Rockies,Kansas City Royals,Kansas City Royals,48.1,Kansas City Royals,45-50%,Colorado Rockies,False,False
2026-07-31,824407,Cleveland Guardians,Arizona Diamondbacks,Arizona Diamondbacks,52.7,Cleveland Guardians,50-55%,Arizona Diamondbacks,True,False
2026-07-31,824486,Cincinnati Reds,Pittsburgh Pirates,Pittsburgh Pirates,49.9,Pittsburgh Pirates,45-50%,Cincinnati Reds,False,False
2026-07-31,824651,Chicago Cubs,New York Yankees,Chicago Cubs,53.8,Chicago Cubs,50-55%,New York Yankees,False,False
2026-07-31,824809,Baltimore Orioles,Philadelphia Phillies,Baltimore Orioles,49.9,Philadelphia Phillies,45-50%,Baltimore Orioles,True,False
2026-07-31,824892,Atlanta Braves,Washington Nationals,Atlanta Braves,57.3,Atlanta Braves,55-60%,Atlanta Braves,True,True
2026-07-31,824975,Athletics,Detroit Tigers,Detroit Tigers,42.7,Detroit Tigers,40-45%,Detroit Tigers,True,True
2026-08-01,822781,Toronto Blue Jays,St. Louis Cardinals,St. Louis Cardinals,53.2,Toronto Blue Jays,50-55%,Toronto Blue Jays,False,True
2026-08-01,822944,Tampa Bay Rays,Chicago White Sox,Tampa Bay Rays,56.0,Tampa Bay Rays,55-60%,Tampa Bay Rays,True,True
2026-08-01,823109,Seattle Mariners,Minnesota Twins,Seattle Mariners,56.1,Seattle Mariners,55-60%,Seattle Mariners,True,True
2026-08-01,823269,San Diego Padres,San Francisco Giants,San Diego Padres,58.5,San Diego Padres,55-60%,San Diego Padres,True,True
2026-08-01,823594,New York Mets,Miami Marlins,Miami Marlins,49.3,Miami Marlins,45-50%,Miami Marlins,True,True
2026-08-01,823920,Los Angeles Dodgers,Boston Red Sox,Los Angeles Dodgers,56.3,Los Angeles Dodgers,55-60%,Boston Red Sox,False,False
2026-08-01,824000,Los Angeles Angels,Milwaukee Brewers,Milwaukee Brewers,35.9,Milwaukee Brewers,35-40%,Milwaukee Brewers,True,True
2026-08-01,824162,Houston Astros,Texas Rangers,Texas Rangers,54.9,Houston Astros,50-55%,Houston Astros,False,True
2026-08-01,824326,Colorado Rockies,Kansas City Royals,Kansas City Royals,48.6,Kansas City Royals,45-50%,Colorado Rockies,False,False
2026-08-01,824405,Cleveland Guardians,Arizona Diamondbacks,Arizona Diamondbacks,52.3,Cleveland Guardians,50-55%,Arizona Diamondbacks,True,False
2026-08-01,824485,Cincinnati Reds,Pittsburgh Pirates,Pittsburgh Pirates,50.4,Cincinnati Reds,50-55%,Pittsburgh Pirates,True,False
2026-08-01,824649,Chicago Cubs,New York Yankees,Chicago Cubs,53.7,Chicago Cubs,50-55%,Chicago Cubs,True,True
2026-08-01,824808,Baltimore Orioles,Philadelphia Phillies,Baltimore Orioles,50.3,Baltimore Orioles,50-55%,Philadelphia Phillies,False,False
2026-08-01,824890,Atlanta Braves,Washington Nationals,Atlanta Braves,57.7,Atlanta Braves,55-60%,Atlanta Braves,True,True
2026-08-01,824972,Athletics,Detroit Tigers,Detroit Tigers,42.5,Detroit Tigers,40-45%,Detroit Tigers,True,True
2026-08-02,822783,Toronto Blue Jays,St. Louis Cardinals,St. Louis Cardinals,53.2,Toronto Blue Jays,50-55%,St. Louis Cardinals,True,False
2026-08-02,822943,Tampa Bay Rays,Chicago White Sox,Tampa Bay Rays,55.9,Tampa Bay Rays,55-60%,Chicago White Sox,False,False
2026-08-02,823107,Seattle Mariners,Minnesota Twins,Seattle Mariners,56.4,Seattle Mariners,55-60%,Seattle Mariners,True,True
2026-08-02,823270,San Diego Padres,San Francisco Giants,San Diego Padres,58.8,San Diego Padres,55-60%,San Diego Padres,True,True
2026-08-02,823592,New York Mets,Miami Marlins,Miami Marlins,48.9,Miami Marlins,45-50%,Miami Marlins,True,True
2026-08-02,823919,Los Angeles Dodgers,Boston Red Sox,Boston Red Sox,55.9,Los Angeles Dodgers,55-60%,Boston Red Sox,True,False
2026-08-02,823996,Los Angeles Angels,Milwaukee Brewers,Milwaukee Brewers,35.7,Milwaukee Brewers,35-40%,Los Angeles Angels,False,False
2026-08-02,824163,Houston Astros,Texas Rangers,Houston Astros,55.3,Houston Astros,55-60%,Houston Astros,True,True
2026-08-02,824323,Colorado Rockies,Kansas City Royals,Kansas City Royals,49.2,Kansas City Royals,45-50%,Colorado Rockies,False,False
2026-08-02,824404,Cleveland Guardians,Arizona Diamondbacks,Arizona Diamondbacks,51.4,Cleveland Guardians,50-55%,Cleveland Guardians,False,True
2026-08-02,824483,Cincinnati Reds,Pittsburgh Pirates,Pittsburgh Pirates,49.5,Pittsburgh Pirates,45-50%,Cincinnati Reds,False,False
2026-08-02,824648,Chicago Cubs,New York Yankees,Chicago Cubs,54.1,Chicago Cubs,50-55%,New York Yankees,False,False
2026-08-02,824807,Baltimore Orioles,Philadelphia Phillies,Philadelphia Phillies,49.4,Philadelphia Phillies,45-50%,Philadelphia Phillies,True,True
2026-08-02,824891,Atlanta Braves,Washington Nationals,Atlanta Braves,58.1,Atlanta Braves,55-60%,Atlanta Braves,True,True
2026-08-02,824971,Athletics,Detroit Tigers,Detroit Tigers,42.3,Detroit Tigers,40-45%,Detroit Tigers,True,True
2026-08-03,822867,Texas Rangers,San Francisco Giants,Texas Rangers,57.1,Texas Rangers,55-60%,San Francisco Giants,False,False
2026-08-03,823431,Philadelphia Phillies,Washington Nationals,Philadelphia Phillies,58.7,Philadelphia Phillies,55-60%,Philadelphia Phillies,True,True
2026-08-03,823520,New York Yankees,St. Louis Cardinals,New York Yankees,61.6,New York Yankees,60-65%,St. Louis Cardinals,False,False
2026-08-03,823757,Milwaukee Brewers,Pittsburgh Pirates,Milwaukee Brewers,60.8,Milwaukee Brewers,60-65%,Pittsburgh Pirates,False,False
2026-08-03,824160,Houston Astros,Toronto Blue Jays,Houston Astros,56.9,Houston Astros,55-60%,Toronto Blue Jays,False,False
2026-08-03,824324,Colorado Rockies,Tampa Bay Rays,Tampa Bay Rays,41.1,Tampa Bay Rays,40-45%,Tampa Bay Rays,True,True
2026-08-03,824647,Chicago Cubs,Los Angeles Dodgers,Los Angeles Dodgers,51.1,Chicago Cubs,50-55%,Chicago Cubs,False,True
2026-08-03,825095,Arizona Diamondbacks,San Diego Padres,Arizona Diamondbacks,54.2,Arizona Diamondbacks,50-55%,Arizona Diamondbacks,True,True
2026-08-04,822865,Texas Rangers,San Francisco Giants,Texas Rangers,56.5,Texas Rangers,55-60%,Texas Rangers,True,True
2026-08-04,823108,Seattle Mariners,Detroit Tigers,Detroit Tigers,51.6,Seattle Mariners,50-55%,Detroit Tigers,True,False
2026-08-04,823432,Philadelphia Phillies,Washington Nationals,Philadelphia Phillies,59.1,Philadelphia Phillies,55-60%,Philadelphia Phillies,True,True
2026-08-04,823517,New York Yankees,St. Louis Cardinals,New York Yankees,60.9,New York Yankees,60-65%,New York Yankees,True,True
2026-08-04,823756,Milwaukee Brewers,Pittsburgh Pirates,Milwaukee Brewers,60.3,Milwaukee Brewers,60-65%,Milwaukee Brewers,True,True
2026-08-04,824084,Kansas City Royals,Minnesota Twins,Minnesota Twins,48.8,Minnesota Twins,45-50%,Kansas City Royals,False,False
2026-08-04,824161,Houston Astros,Toronto Blue Jays,Houston Astros,56.3,Houston Astros,55-60%,Houston Astros,True,True
2026-08-04,824321,Colorado Rockies,Tampa Bay Rays,Tampa Bay Rays,40.4,Tampa Bay Rays,40-45%,Tampa Bay Rays,True,True
2026-08-04,824403,Cleveland Guardians,New York Mets,Cleveland Guardians,58.4,Cleveland Guardians,55-60%,New York Mets,False,False
2026-08-04,824484,Cincinnati Reds,Athletics,Cincinnati Reds,60.1,Cincinnati Reds,60-65%,Cincinnati Reds,True,True
2026-08-04,824645,Chicago Cubs,Los Angeles Dodgers,Chicago Cubs,53.2,Chicago Cubs,50-55%,Chicago Cubs,True,True
2026-08-04,824731,Boston Red Sox,Chicago White Sox,Boston Red Sox,59.7,Boston Red Sox,55-60%,Boston Red Sox,True,True
2026-08-04,824805,Baltimore Orioles,Los Angeles Angels,Baltimore Orioles,59.1,Baltimore Orioles,55-60%,Baltimore Orioles,True,True
2026-08-04,824888,Atlanta Braves,Miami Marlins,Atlanta Braves,55.2,Atlanta Braves,55-60%,Atlanta Braves,True,True
2026-08-04,825054,Arizona Diamondbacks,San Diego Padres,Arizona Diamondbacks,53.7,Arizona Diamondbacks,50-55%,San Diego Padres,False,False
2026-08-05,822866,Texas Rangers,San Francisco Giants,Texas Rangers,56.4,Texas Rangers,55-60%,Texas Rangers,True,True
2026-08-05,823106,Seattle Mariners,Detroit Tigers,Detroit Tigers,50.9,Seattle Mariners,50-55%,Seattle Mariners,False,True
2026-08-05,823429,Philadelphia Phillies,Washington Nationals,Philadelphia Phillies,59.5,Philadelphia Phillies,55-60%,Washington Nationals,False,False
2026-08-05,823516,New York Yankees,St. Louis Cardinals,New York Yankees,61.2,New York Yankees,60-65%,St. Louis Cardinals,False,False
2026-08-05,823753,Milwaukee Brewers,Pittsburgh Pirates,Milwaukee Brewers,60.6,Milwaukee Brewers,60-65%,Milwaukee Brewers,True,True
2026-08-05,824082,Kansas City Royals,Minnesota Twins,Minnesota Twins,49.4,Minnesota Twins,45-50%,Kansas City Royals,False,False
2026-08-05,824158,Houston Astros,Toronto Blue Jays,Houston Astros,56.7,Houston Astros,55-60%,Toronto Blue Jays,False,False
2026-08-05,824322,Colorado Rockies,Tampa Bay Rays,Tampa Bay Rays,40.1,Tampa Bay Rays,40-45%,Tampa Bay Rays,True,True
2026-08-05,824402,Cleveland Guardians,New York Mets,Cleveland Guardians,57.8,Cleveland Guardians,55-60%,New York Mets,False,False
2026-08-05,824482,Cincinnati Reds,Athletics,Cincinnati Reds,62.0,Cincinnati Reds,60-65%,Cincinnati Reds,True,True
2026-08-05,824646,Chicago Cubs,Los Angeles Dodgers,Chicago Cubs,53.6,Chicago Cubs,50-55%,Chicago Cubs,True,True
2026-08-05,824728,Boston Red Sox,Chicago White Sox,Boston Red Sox,60.5,Boston Red Sox,60-65%,Boston Red Sox,True,True
2026-08-05,824806,Baltimore Orioles,Los Angeles Angels,Baltimore Orioles,60.4,Baltimore Orioles,60-65%,Baltimore Orioles,True,True
2026-08-05,824889,Atlanta Braves,Miami Marlins,Atlanta Braves,55.6,Atlanta Braves,55-60%,Atlanta Braves,True,True
2026-08-05,825052,Arizona Diamondbacks,San Diego Padres,Arizona Diamondbacks,53.1,Arizona Diamondbacks,50-55%,Arizona Diamondbacks,True,True
2026-08-07,822699,Washington Nationals,Cincinnati Reds,Cincinnati Reds,49.9,Cincinnati Reds,45-50%,Washington Nationals,False,False
2026-08-07,822863,Texas Rangers,Baltimore Orioles,Baltimore Orioles,50.1,Texas Rangers,50-55%,Texas Rangers,False,True
2026-08-07,823024,St. Louis Cardinals,Colorado Rockies,St. Louis Cardinals,62.7,St. Louis Cardinals,60-65%,St. Louis Cardinals,True,True
2026-08-07,823103,Seattle Mariners,Tampa Bay Rays,Tampa Bay Rays,50.2,Seattle Mariners,50-55%,Tampa Bay Rays,True,False
2026-08-07,823191,San Francisco Giants,Detroit Tigers,Detroit Tigers,46.6,Detroit Tigers,45-50%,San Francisco Giants,False,False
2026-08-07,823266,San Diego Padres,Houston Astros,San Diego Padres,55.7,San Diego Padres,55-60%,Houston Astros,False,False
2026-08-07,823349,Pittsburgh Pirates,New York Mets,Pittsburgh Pirates,54.9,Pittsburgh Pirates,50-55%,New York Mets,False,False
2026-08-07,823428,Philadelphia Phillies,Toronto Blue Jays,Philadelphia Phillies,58.8,Philadelphia Phillies,55-60%,Toronto Blue Jays,False,False
2026-08-07,823515,New York Yankees,Atlanta Braves,New York Yankees,55.7,New York Yankees,55-60%,New York Yankees,True,True
2026-08-07,823750,Milwaukee Brewers,Minnesota Twins,Milwaukee Brewers,65.2,Milwaukee Brewers,65-70%,Minnesota Twins,False,False
2026-08-07,823836,Miami Marlins,Los Angeles Angels,Miami Marlins,61.9,Miami Marlins,60-65%,Los Angeles Angels,False,False
2026-08-07,824081,Kansas City Royals,Chicago Cubs,Chicago Cubs,39.5,Chicago Cubs,35-40%,Chicago Cubs,True,True
2026-08-07,824566,Chicago White Sox,Cleveland Guardians,Cleveland Guardians,54.3,Chicago White Sox,50-55%,Cleveland Guardians,True,False
2026-08-07,824727,Boston Red Sox,Athletics,Boston Red Sox,71.7,Boston Red Sox,70-75%,Boston Red Sox,True,True
2026-08-07,825051,Arizona Diamondbacks,Los Angeles Dodgers,Los Angeles Dodgers,49.5,Los Angeles Dodgers,45-50%,Arizona Diamondbacks,False,False
2026-08-08,822701,Washington Nationals,Cincinnati Reds,Cincinnati Reds,49.2,Cincinnati Reds,45-50%,Washington Nationals,False,False
2026-08-08,822864,Texas Rangers,Baltimore Orioles,Baltimore Orioles,51.0,Texas Rangers,50-55%,Texas Rangers,False,True
2026-08-08,823021,St. Louis Cardinals,Colorado Rockies,St. Louis Cardinals,62.4,St. Louis Cardinals,60-65%,Colorado Rockies,False,False
2026-08-08,823102,Seattle Mariners,Tampa Bay Rays,Tampa Bay Rays,49.8,Tampa Bay Rays,45-50%,Tampa Bay Rays,True,True
2026-08-08,823188,San Francisco Giants,Detroit Tigers,Detroit Tigers,47.1,Detroit Tigers,45-50%,Detroit Tigers,True,True
2026-08-08,823267,San Diego Padres,Houston Astros,San Diego Padres,54.5,San Diego Padres,50-55%,San Diego Padres,True,True
2026-08-08,823348,Pittsburgh Pirates,New York Mets,Pittsburgh Pirates,54.4,Pittsburgh Pirates,50-55%,Pittsburgh Pirates,True,True
2026-08-08,823426,Philadelphia Phillies,Toronto Blue Jays,Philadelphia Phillies,58.3,Philadelphia Phillies,55-60%,Toronto Blue Jays,False,False
2026-08-08,823514,New York Yankees,Atlanta Braves,Atlanta Braves,53.5,New York Yankees,50-55%,Atlanta Braves,True,False
2026-08-08,823752,Milwaukee Brewers,Minnesota Twins,Milwaukee Brewers,64.0,Milwaukee Brewers,60-65%,Milwaukee Brewers,True,True
2026-08-08,823834,Miami Marlins,Los Angeles Angels,Miami Marlins,61.2,Miami Marlins,60-65%,Miami Marlins,True,True
2026-08-08,824079,Kansas City Royals,Chicago Cubs,Chicago Cubs,38.1,Chicago Cubs,35-40%,Kansas City Royals,False,False
2026-08-08,824565,Chicago White Sox,Cleveland Guardians,Chicago White Sox,55.1,Chicago White Sox,55-60%,Chicago White Sox,True,True
2026-08-08,824726,Boston Red Sox,Athletics,Boston Red Sox,72.0,Boston Red Sox,70-75%,Athletics,False,False
2026-08-08,825049,Arizona Diamondbacks,Los Angeles Dodgers,Los Angeles Dodgers,49.8,Los Angeles Dodgers,45-50%,Los Angeles Dodgers,True,True
2026-08-09,822700,Washington Nationals,Cincinnati Reds,Cincinnati Reds,49.4,Cincinnati Reds,45-50%,Washington Nationals,False,False
2026-08-09,822862,Texas Rangers,Baltimore Orioles,Baltimore Orioles,51.5,Texas Rangers,50-55%,Baltimore Orioles,True,False
2026-08-09,823020,St. Louis Cardinals,Colorado Rockies,St. Louis Cardinals,61.8,St. Louis Cardinals,60-65%,St. Louis Cardinals,True,True
2026-08-09,823104,Seattle Mariners,Tampa Bay Rays,Tampa Bay Rays,49.4,Tampa Bay Rays,45-50%,Tampa Bay Rays,True,True
2026-08-09,823190,San Francisco Giants,Detroit Tigers,Detroit Tigers,46.5,Detroit Tigers,45-50%,Detroit Tigers,True,True
2026-08-09,823268,San Diego Padres,Houston Astros,San Diego Padres,54.9,San Diego Padres,50-55%,San Diego Padres,True,True
2026-08-09,823345,Pittsburgh Pirates,New York Mets,Pittsburgh Pirates,55.1,Pittsburgh Pirates,55-60%,New York Mets,False,False
2026-08-09,823425,Philadelphia Phillies,Toronto Blue Jays,Philadelphia Phillies,57.8,Philadelphia Phillies,55-60%,Philadelphia Phillies,True,True
2026-08-09,823513,New York Yankees,Atlanta Braves,Atlanta Braves,53.9,New York Yankees,50-55%,Atlanta Braves,True,False
2026-08-09,823751,Milwaukee Brewers,Minnesota Twins,Milwaukee Brewers,64.2,Milwaukee Brewers,60-65%,Milwaukee Brewers,True,True
2026-08-09,823835,Miami Marlins,Los Angeles Angels,Miami Marlins,61.6,Miami Marlins,60-65%,Miami Marlins,True,True
2026-08-09,824078,Kansas City Royals,Chicago Cubs,Chicago Cubs,38.6,Chicago Cubs,35-40%,Chicago Cubs,True,True
2026-08-09,824564,Chicago White Sox,Cleveland Guardians,Chicago White Sox,55.5,Chicago White Sox,55-60%,Cleveland Guardians,False,False
2026-08-09,824724,Boston Red Sox,Athletics,Boston Red Sox,71.4,Boston Red Sox,70-75%,Athletics,False,False
2026-08-09,825050,Arizona Diamondbacks,Los Angeles Dodgers,Los Angeles Dodgers,49.5,Los Angeles Dodgers,45-50%,Arizona Diamondbacks,False,False
2026-08-10,822780,Toronto Blue Jays,Boston Red Sox,Boston Red Sox,43.5,Boston Red Sox,40-45%,Toronto Blue Jays,False,False
2026-08-10,823018,St. Louis Cardinals,Philadelphia Phillies,Philadelphia Phillies,49.0,Philadelphia Phillies,45-50%,Philadelphia Phillies,True,True
2026-08-10,823189,San Francisco Giants,Houston Astros,Houston Astros,49.7,Houston Astros,45-50%,Houston Astros,True,True
2026-08-10,823265,San Diego Padres,Milwaukee Brewers,Milwaukee Brewers,46.4,Milwaukee Brewers,45-50%,San Diego Padres,False,False
2026-08-10,823675,Minnesota Twins,Baltimore Orioles,Baltimore Orioles,49.4,Baltimore Orioles,45-50%,Minnesota Twins,False,False
2026-08-10,823918,Los Angeles Dodgers,Kansas City Royals,Los Angeles Dodgers,67.0,Los Angeles Dodgers,65-70%,Los Angeles Dodgers,True,True
2026-08-10,823998,Los Angeles Angels,Texas Rangers,Texas Rangers,44.3,Texas Rangers,40-45%,Texas Rangers,True,True
2026-08-10,824887,Atlanta Braves,New York Mets,Atlanta Braves,60.8,Atlanta Braves,60-65%,New York Mets,False,False
2026-08-10,824969,Athletics,Tampa Bay Rays,Tampa Bay Rays,37.6,Tampa Bay Rays,35-40%,Tampa Bay Rays,True,True
2026-08-10,825048,Arizona Diamondbacks,Colorado Rockies,Arizona Diamondbacks,64.9,Arizona Diamondbacks,60-65%,Arizona Diamondbacks,True,True
2026-08-11,822697,Washington Nationals,Chicago Cubs,Chicago Cubs,40.5,Chicago Cubs,40-45%,Chicago Cubs,True,True
2026-08-11,822778,Toronto Blue Jays,Boston Red Sox,Boston Red Sox,43.6,Boston Red Sox,40-45%,Toronto Blue Jays,False,False
2026-08-11,823019,St. Louis Cardinals,Philadelphia Phillies,Philadelphia Phillies,48.9,Philadelphia Phillies,45-50%,St. Louis Cardinals,False,False
2026-08-11,823186,San Francisco Giants,Houston Astros,Houston Astros,49.3,Houston Astros,45-50%,San Francisco Giants,False,False
2026-08-11,823264,San Diego Padres,Milwaukee Brewers,Milwaukee Brewers,46.6,Milwaukee Brewers,45-50%,San Diego Padres,False,False
2026-08-11,823512,New York Yankees,Seattle Mariners,New York Yankees,59.9,New York Yankees,55-60%,New York Yankees,True,True
2026-08-11,823673,Minnesota Twins,Baltimore Orioles,Baltimore Orioles,49.9,Baltimore Orioles,45-50%,Baltimore Orioles,True,True
2026-08-11,823832,Miami Marlins,Pittsburgh Pirates,Miami Marlins,53.2,Miami Marlins,50-55%,Miami Marlins,True,True
2026-08-11,823917,Los Angeles Dodgers,Kansas City Royals,Los Angeles Dodgers,66.7,Los Angeles Dodgers,65-70%,Los Angeles Dodgers,True,True
2026-08-11,823997,Los Angeles Angels,Texas Rangers,Texas Rangers,43.4,Texas Rangers,40-45%,Los Angeles Angels,False,False
2026-08-11,824240,Detroit Tigers,Cleveland Guardians,Detroit Tigers,57.1,Detroit Tigers,55-60%,Detroit Tigers,True,True
2026-08-11,824563,Chicago White Sox,Cincinnati Reds,Chicago White Sox,57.1,Chicago White Sox,55-60%,Cincinnati Reds,False,False
2026-08-11,824886,Atlanta Braves,New York Mets,Atlanta Braves,60.2,Atlanta Braves,60-65%,Atlanta Braves,True,True
2026-08-11,824970,Athletics,Tampa Bay Rays,Tampa Bay Rays,37.3,Tampa Bay Rays,35-40%,Tampa Bay Rays,True,True
2026-08-11,825046,Arizona Diamondbacks,Colorado Rockies,Arizona Diamondbacks,65.4,Arizona Diamondbacks,65-70%,Colorado Rockies,False,False
2026-08-12,822698,Washington Nationals,Chicago Cubs,Chicago Cubs,40.2,Chicago Cubs,40-45%,Chicago Cubs,True,True
2026-08-12,822779,Toronto Blue Jays,Boston Red Sox,Boston Red Sox,44.0,Boston Red Sox,40-45%,Toronto Blue Jays,False,False
2026-08-12,823017,St. Louis Cardinals,Philadelphia Phillies,Philadelphia Phillies,49.3,Philadelphia Phillies,45-50%,St. Louis Cardinals,False,False
2026-08-12,823187,San Francisco Giants,Houston Astros,Houston Astros,49.8,Houston Astros,45-50%,San Francisco Giants,False,False
2026-08-12,823263,San Diego Padres,Milwaukee Brewers,Milwaukee Brewers,47.4,Milwaukee Brewers,45-50%,Milwaukee Brewers,True,True
2026-08-12,823511,New York Yankees,Seattle Mariners,New York Yankees,62.2,New York Yankees,60-65%,New York Yankees,True,True
2026-08-12,823672,Minnesota Twins,Baltimore Orioles,Baltimore Orioles,49.4,Baltimore Orioles,45-50%,Minnesota Twins,False,False
2026-08-12,823833,Miami Marlins,Pittsburgh Pirates,Miami Marlins,54.3,Miami Marlins,50-55%,Miami Marlins,True,True
2026-08-12,823916,Los Angeles Dodgers,Kansas City Royals,Los Angeles Dodgers,66.9,Los Angeles Dodgers,65-70%,Los Angeles Dodgers,True,True
2026-08-12,823994,Los Angeles Angels,Texas Rangers,Texas Rangers,43.9,Texas Rangers,40-45%,Los Angeles Angels,False,False
2026-08-12,824241,Detroit Tigers,Cleveland Guardians,Detroit Tigers,57.4,Detroit Tigers,55-60%,Cleveland Guardians,False,False
2026-08-12,824562,Chicago White Sox,Cincinnati Reds,Chicago White Sox,56.7,Chicago White Sox,55-60%,Chicago White Sox,True,True
2026-08-12,824883,Atlanta Braves,New York Mets,Atlanta Braves,60.6,Atlanta Braves,60-65%,Atlanta Braves,True,True
2026-08-12,824967,Athletics,Tampa Bay Rays,Tampa Bay Rays,36.9,Tampa Bay Rays,35-40%,Tampa Bay Rays,True,True
2026-08-12,825047,Arizona Diamondbacks,Colorado Rockies,Arizona Diamondbacks,64.8,Arizona Diamondbacks,60-65%,Colorado Rockies,False,False
2026-08-13,822696,Washington Nationals,Chicago Cubs,Chicago Cubs,39.8,Chicago Cubs,35-40%,Washington Nationals,False,False
2026-08-13,822776,Toronto Blue Jays,Boston Red Sox,Boston Red Sox,44.6,Boston Red Sox,40-45%,Boston Red Sox,True,True
2026-08-13,823508,New York Yankees,Seattle Mariners,New York Yankees,62.5,New York Yankees,60-65%,Seattle Mariners,False,False
2026-08-13,823669,Minnesota Twins,Philadelphia Phillies,Philadelphia Phillies,48.7,Philadelphia Phillies,45-50%,Philadelphia Phillies,True,True
2026-08-13,823829,Miami Marlins,Pittsburgh Pirates,Miami Marlins,54.3,Miami Marlins,50-55%,Pittsburgh Pirates,False,False
2026-08-13,823915,Los Angeles Dodgers,Milwaukee Brewers,Milwaukee Brewers,53.5,Los Angeles Dodgers,50-55%,Milwaukee Brewers,True,False
2026-08-13,823995,Los Angeles Angels,Texas Rangers,Texas Rangers,44.4,Texas Rangers,40-45%,Los Angeles Angels,False,False
2026-08-13,824238,Detroit Tigers,Cleveland Guardians,Detroit Tigers,56.5,Detroit Tigers,55-60%,Detroit Tigers,True,True
2026-08-13,824561,Chicago White Sox,Cincinnati Reds,Chicago White Sox,57.1,Chicago White Sox,55-60%,Cincinnati Reds,False,False
2026-08-14,822777,Toronto Blue Jays,New York Yankees,New York Yankees,46.9,New York Yankees,45-50%,Toronto Blue Jays,False,False
2026-08-14,822942,Tampa Bay Rays,Baltimore Orioles,Tampa Bay Rays,60.0,Tampa Bay Rays,60-65%,Baltimore Orioles,False,False
2026-08-14,823185,San Francisco Giants,Colorado Rockies,San Francisco Giants,59.5,San Francisco Giants,55-60%,Colorado Rockies,False,False
2026-08-14,823346,Pittsburgh Pirates,Boston Red Sox,Boston Red Sox,43.7,Boston Red Sox,40-45%,Pittsburgh Pirates,False,False
2026-08-14,823591,New York Mets,Washington Nationals,New York Mets,54.3,New York Mets,50-55%,New York Mets,True,True
2026-08-14,823913,Los Angeles Dodgers,Milwaukee Brewers,Milwaukee Brewers,53.0,Los Angeles Dodgers,50-55%,Los Angeles Dodgers,False,True
2026-08-14,823993,Los Angeles Angels,Kansas City Royals,Kansas City Royals,50.0,Los Angeles Angels,50-55%,Kansas City Royals,True,False
2026-08-14,824159,Houston Astros,Seattle Mariners,Houston Astros,57.7,Houston Astros,55-60%,Houston Astros,True,True
2026-08-14,824237,Detroit Tigers,Chicago White Sox,Detroit Tigers,56.1,Detroit Tigers,55-60%,Chicago White Sox,False,False
2026-08-14,824399,Cleveland Guardians,San Diego Padres,San Diego Padres,50.3,Cleveland Guardians,50-55%,San Diego Padres,True,False
2026-08-14,824479,Cincinnati Reds,Miami Marlins,Miami Marlins,50.8,Cincinnati Reds,50-55%,Cincinnati Reds,False,True
2026-08-14,824643,Chicago Cubs,St. Louis Cardinals,Chicago Cubs,61.3,Chicago Cubs,60-65%,Chicago Cubs,True,True
2026-08-14,824882,Atlanta Braves,Arizona Diamondbacks,Atlanta Braves,56.8,Atlanta Braves,55-60%,Arizona Diamondbacks,False,False
2026-08-14,824968,Athletics,Texas Rangers,Texas Rangers,43.9,Texas Rangers,40-45%,Athletics,False,False
2026-08-15,822775,Toronto Blue Jays,New York Yankees,New York Yankees,47.8,New York Yankees,45-50%,Toronto Blue Jays,False,False
2026-08-15,822941,Tampa Bay Rays,Baltimore Orioles,Tampa Bay Rays,59.5,Tampa Bay Rays,55-60%,Baltimore Orioles,False,False
2026-08-15,823184,San Francisco Giants,Colorado Rockies,San Francisco Giants,59.0,San Francisco Giants,55-60%,San Francisco Giants,True,True
2026-08-15,823347,Pittsburgh Pirates,Boston Red Sox,Boston Red Sox,44.3,Boston Red Sox,40-45%,Boston Red Sox,True,True
2026-08-15,823588,New York Mets,Washington Nationals,Washington Nationals,53.3,New York Mets,50-55%,New York Mets,False,True
2026-08-15,823671,Minnesota Twins,Philadelphia Phillies,Philadelphia Phillies,48.1,Philadelphia Phillies,45-50%,Philadelphia Phillies,True,True
2026-08-15,823914,Los Angeles Dodgers,Milwaukee Brewers,Milwaukee Brewers,53.5,Los Angeles Dodgers,50-55%,Milwaukee Brewers,True,False
2026-08-15,823990,Los Angeles Angels,Kansas City Royals,Kansas City Royals,49.6,Kansas City Royals,45-50%,Los Angeles Angels,False,False
2026-08-15,824157,Houston Astros,Seattle Mariners,Houston Astros,58.0,Houston Astros,55-60%,Seattle Mariners,False,False
2026-08-15,824239,Detroit Tigers,Chicago White Sox,Detroit Tigers,55.5,Detroit Tigers,55-60%,Chicago White Sox,False,False
2026-08-15,824400,Cleveland Guardians,San Diego Padres,San Diego Padres,48.2,San Diego Padres,45-50%,Cleveland Guardians,False,False
2026-08-15,824480,Cincinnati Reds,Miami Marlins,Miami Marlins,50.6,Cincinnati Reds,50-55%,Miami Marlins,True,False
2026-08-15,824644,Chicago Cubs,St. Louis Cardinals,Chicago Cubs,61.0,Chicago Cubs,60-65%,St. Louis Cardinals,False,False
2026-08-15,824884,Atlanta Braves,Arizona Diamondbacks,Atlanta Braves,56.7,Atlanta Braves,55-60%,Arizona Diamondbacks,False,False
2026-08-15,824966,Athletics,Texas Rangers,Texas Rangers,44.5,Texas Rangers,40-45%,Texas Rangers,True,True
2026-08-16,822774,Toronto Blue Jays,New York Yankees,New York Yankees,48.3,New York Yankees,45-50%,New York Yankees,True,True
2026-08-16,822940,Tampa Bay Rays,Baltimore Orioles,Tampa Bay Rays,59.1,Tampa Bay Rays,55-60%,Baltimore Orioles,False,False
2026-08-16,823182,San Francisco Giants,Colorado Rockies,San Francisco Giants,59.5,San Francisco Giants,55-60%,,,
2026-08-16,823344,Pittsburgh Pirates,Boston Red Sox,Boston Red Sox,43.9,Boston Red Sox,40-45%,Pittsburgh Pirates,False,False
2026-08-16,823590,New York Mets,Washington Nationals,Washington Nationals,53.6,New York Mets,50-55%,New York Mets,False,True
2026-08-16,823670,Minnesota Twins,Philadelphia Phillies,Philadelphia Phillies,47.4,Philadelphia Phillies,45-50%,Minnesota Twins,False,False
2026-08-16,823912,Los Angeles Dodgers,Milwaukee Brewers,Milwaukee Brewers,52.9,Los Angeles Dodgers,50-55%,,,
2026-08-16,823991,Los Angeles Angels,Kansas City Royals,Kansas City Royals,50.0,Los Angeles Angels,50-55%,,,
2026-08-16,824156,Houston Astros,Seattle Mariners,Houston Astros,57.4,Houston Astros,55-60%,,,
2026-08-16,824236,Detroit Tigers,Chicago White Sox,Detroit Tigers,55.5,Detroit Tigers,55-60%,Chicago White Sox,False,False
2026-08-16,824397,Cleveland Guardians,San Diego Padres,San Diego Padres,48.8,San Diego Padres,45-50%,,,
2026-08-16,824477,Cincinnati Reds,Miami Marlins,Miami Marlins,50.1,Cincinnati Reds,50-55%,Miami Marlins,True,False
2026-08-16,824642,Chicago Cubs,St. Louis Cardinals,Chicago Cubs,60.4,Chicago Cubs,60-65%,St. Louis Cardinals,False,False
2026-08-16,824880,Atlanta Braves,Arizona Diamondbacks,Atlanta Braves,56.0,Atlanta Braves,55-60%,Atlanta Braves,True,True
2026-08-16,824965,Athletics,Texas Rangers,Texas Rangers,44.1,Texas Rangers,40-45%,,,
